-- MySQL dump 10.13  Distrib 5.7.20, for Linux (x86_64)
--
-- Host: localhost    Database: upms
-- ------------------------------------------------------
-- Server version	5.7.21

/*!40101 SET @OLD_CHARACTER_SET_CLIENT=@@CHARACTER_SET_CLIENT */;
/*!40101 SET @OLD_CHARACTER_SET_RESULTS=@@CHARACTER_SET_RESULTS */;
/*!40101 SET @OLD_COLLATION_CONNECTION=@@COLLATION_CONNECTION */;
/*!40101 SET NAMES utf8 */;
/*!40103 SET @OLD_TIME_ZONE=@@TIME_ZONE */;
/*!40103 SET TIME_ZONE='+00:00' */;
/*!40014 SET @OLD_UNIQUE_CHECKS=@@UNIQUE_CHECKS, UNIQUE_CHECKS=0 */;
/*!40014 SET @OLD_FOREIGN_KEY_CHECKS=@@FOREIGN_KEY_CHECKS, FOREIGN_KEY_CHECKS=0 */;
/*!40101 SET @OLD_SQL_MODE=@@SQL_MODE, SQL_MODE='NO_AUTO_VALUE_ON_ZERO' */;
/*!40111 SET @OLD_SQL_NOTES=@@SQL_NOTES, SQL_NOTES=0 */;

--
-- Dumping data for table `sys_autocode`
--

LOCK TABLES `sys_autocode` WRITE;
/*!40000 ALTER TABLE `sys_autocode` DISABLE KEYS */;
INSERT INTO `sys_autocode` VALUES ('1','SQ{dt:yyyyMMdd}{seq:3}','1');
/*!40000 ALTER TABLE `sys_autocode` ENABLE KEYS */;
UNLOCK TABLES;

--
-- Dumping data for table `sys_autocode_detail`
--

LOCK TABLES `sys_autocode_detail` WRITE;
/*!40000 ALTER TABLE `sys_autocode_detail` DISABLE KEYS */;
INSERT INTO `sys_autocode_detail` VALUES ('5ccc01d3-bdbe-449b-8e2a-2067f5c25c54','1','SQ20180708',4,'2018-07-08 22:16:00','2018-07-08 22:27:03'),('63484cb5-077d-4b25-afe4-ff64b6b3993c','1','SQ20180521',4,'2018-05-21 14:14:52','2018-05-21 15:54:10');
/*!40000 ALTER TABLE `sys_autocode_detail` ENABLE KEYS */;
UNLOCK TABLES;

--
-- Dumping data for table `sys_dictionary`
--

LOCK TABLES `sys_dictionary` WRITE;
/*!40000 ALTER TABLE `sys_dictionary` DISABLE KEYS */;
INSERT INTO `sys_dictionary` VALUES ('1','dbtype','数据库类型','数据库类型',1,1,NULL,NULL,'7049e23d-8b7e-4271-a234-3e69d03d2fdd','2018-07-08 00:26:51'),('2','permissiontype','权限类型','权限类型',2,0,NULL,NULL,'7049e23d-8b7e-4271-a234-3e69d03d2fdd','2018-08-12 20:34:46');
/*!40000 ALTER TABLE `sys_dictionary` ENABLE KEYS */;
UNLOCK TABLES;

--
-- Dumping data for table `sys_dictionary_item`
--

LOCK TABLES `sys_dictionary_item` WRITE;
/*!40000 ALTER TABLE `sys_dictionary_item` DISABLE KEYS */;
INSERT INTO `sys_dictionary_item` VALUES ('36e5b5eb-1c6a-4dfd-bf24-c39fa99628c1','1','44','44','44',11,1,NULL,NULL,'7049e23d-8b7e-4271-a234-3e69d03d2fdd','2018-09-04 20:57:34'),('37805de1-7c9e-4938-865a-5fb6fde4f5d5','1','1111','aaaa','',0,1,'7049e23d-8b7e-4271-a234-3e69d03d2fdd','2018-07-05 22:24:59','7049e23d-8b7e-4271-a234-3e69d03d2fdd','2018-07-05 22:24:59'),('857571d4-4b02-4623-b4b8-963fa02b5df2','1','111','111','',0,1,'7049e23d-8b7e-4271-a234-3e69d03d2fdd','2018-09-04 20:57:43','7049e23d-8b7e-4271-a234-3e69d03d2fdd','2018-09-04 20:57:43'),('eb52fae9-cfb1-4fcf-bd91-c956af5ceb86','2','33','33','222',0,1,NULL,NULL,'7049e23d-8b7e-4271-a234-3e69d03d2fdd','2018-08-12 20:34:51');
/*!40000 ALTER TABLE `sys_dictionary_item` ENABLE KEYS */;
UNLOCK TABLES;

--
-- Dumping data for table `sys_error_log`
--

LOCK TABLES `sys_error_log` WRITE;
/*!40000 ALTER TABLE `sys_error_log` DISABLE KEYS */;
/*!40000 ALTER TABLE `sys_error_log` ENABLE KEYS */;
UNLOCK TABLES;

--
-- Dumping data for table `sys_fileupload`
--

LOCK TABLES `sys_fileupload` WRITE;
/*!40000 ALTER TABLE `sys_fileupload` DISABLE KEYS */;
INSERT INTO `sys_fileupload` VALUES ('2b158b52-5ce4-41de-856c-051604b49d8e','t1','123','test/01/9785f3f2-7dcf-4bad-9f63-2044ea84be56.txt','test.txt',0,'2018-05-28 15:59:36',NULL,NULL,NULL),('2eff61d7-8764-4797-93da-2cf9671da1fa','t1','123','test/01/56ff57c9-9388-4d45-b95a-ae8a56371a4e.txt','test.txt',0,'2018-05-28 15:57:15',NULL,NULL,NULL),('582a8f72-971e-4621-89db-e951794b0325','t1','123','test/01/80c0bdba-9b60-4c0d-a87e-e2db17487651.txt','test.txt',0,'2018-05-28 15:57:51',NULL,NULL,NULL),('6f8910fa-a152-473e-b625-b61fdd48cb72','t1','123','test/01/b9eb8999-1663-43c8-bf6f-848e59dcf357.txt','test.txt',0,'2018-07-08 01:04:24',NULL,NULL,NULL),('8247d0e7-1faa-4477-adb9-3e90d70dfad0','sys_user','7049e23d-8b7e-4271-a234-3e69d03d2fdd','sys_user/99bd70ed-88f9-4034-945b-8d2089a1ef89.png','Screenshot from 2018-05-09 23-52-22.png',1,'2018-05-27 16:57:11','2018-08-25 16:53:38',NULL,NULL),('93f44ed3-4f83-4418-be54-7feee14a1627','sys_user','4363264c-37b5-4cfa-ba89-1f0b9145656e','sys_user/5216bede-dddb-4021-9db8-1a45cf3be65e.JPG','SAM_1360.JPG',1,'2018-08-05 15:41:08','2018-08-12 16:13:31',NULL,NULL),('e1019ebc-a8cb-4bc4-babb-311fedbe9a59','t1','123','test/01/a9f44882-190b-4d0b-a8a1-95eadd888064.txt','test.txt',0,'2018-05-28 16:04:14',NULL,NULL,NULL);
/*!40000 ALTER TABLE `sys_fileupload` ENABLE KEYS */;
UNLOCK TABLES;

--
-- Dumping data for table `sys_fileupload_template`
--

LOCK TABLES `sys_fileupload_template` WRITE;
/*!40000 ALTER TABLE `sys_fileupload_template` DISABLE KEYS */;
INSERT INTO `sys_fileupload_template` VALUES ('sys_user','用户头像','用户头像','sys_user',1,'2018-05-21 04:19:33',NULL,NULL,NULL);
/*!40000 ALTER TABLE `sys_fileupload_template` ENABLE KEYS */;
UNLOCK TABLES;

--
-- Dumping data for table `sys_login_log`
--

LOCK TABLES `sys_login_log` WRITE;
/*!40000 ALTER TABLE `sys_login_log` DISABLE KEYS */;
/*!40000 ALTER TABLE `sys_login_log` ENABLE KEYS */;
UNLOCK TABLES;

--
-- Dumping data for table `sys_menu`
--

LOCK TABLES `sys_menu` WRITE;
/*!40000 ALTER TABLE `sys_menu` DISABLE KEYS */;
INSERT INTO `sys_menu` VALUES ('019700d7-7c48-437e-b155-6b5020fe1a1a','参数管理','#','fa376fcd-213c-4391-a494-ec223d802942','31d8b557-afde-4d08-bcf4-917ace0b7fd0.fa376fcd-213c-4391-a494-ec223d802942.019700d7-7c48-437e-b155-6b5020fe1a1a',40,2,1,'2018-06-08 20:16:07','2018-06-08 20:16:07','7049e23d-8b7e-4271-a234-3e69d03d2fdd','7049e23d-8b7e-4271-a234-3e69d03d2fdd'),('28571a0e-671a-40b0-ae3d-fcf45751b5ca','菜单权限','#','fa376fcd-213c-4391-a494-ec223d802942','31d8b557-afde-4d08-bcf4-917ace0b7fd0.fa376fcd-213c-4391-a494-ec223d802942.28571a0e-671a-40b0-ae3d-fcf45751b5ca',0,2,1,'2018-06-01 22:13:44','2018-08-12 16:12:18','7049e23d-8b7e-4271-a234-3e69d03d2fdd','7049e23d-8b7e-4271-a234-3e69d03d2fdd'),('31d8b557-afde-4d08-bcf4-917ace0b7fd0','通用权限管理系统',NULL,'root','31d8b557-afde-4d08-bcf4-917ace0b7fd0',100,0,1,'2018-06-01 22:11:28','2018-08-12 20:34:24','7049e23d-8b7e-4271-a234-3e69d03d2fdd','7049e23d-8b7e-4271-a234-3e69d03d2fdd'),('358c56e4-3445-4889-8beb-e692bebbc233','登录日志','/log/loginLog/loginLog_main','cc30ff01-92bf-4181-aa40-1841056d0fea','31d8b557-afde-4d08-bcf4-917ace0b7fd0.fa376fcd-213c-4391-a494-ec223d802942.cc30ff01-92bf-4181-aa40-1841056d0fea.358c56e4-3445-4889-8beb-e692bebbc233',0,3,1,'2018-06-03 22:42:09','2018-09-02 23:29:55','7049e23d-8b7e-4271-a234-3e69d03d2fdd','7049e23d-8b7e-4271-a234-3e69d03d2fdd'),('4e075fa4-9198-4083-b51c-2f7a157403b8','业务系统','/core/subsystem/subsystem_main','28571a0e-671a-40b0-ae3d-fcf45751b5ca','31d8b557-afde-4d08-bcf4-917ace0b7fd0.fa376fcd-213c-4391-a494-ec223d802942.28571a0e-671a-40b0-ae3d-fcf45751b5ca.4e075fa4-9198-4083-b51c-2f7a157403b8',40,3,1,'2018-06-01 22:40:18','2018-06-02 00:28:29','7049e23d-8b7e-4271-a234-3e69d03d2fdd','7049e23d-8b7e-4271-a234-3e69d03d2fdd'),('55f4662c-5e10-4e34-b78b-79b5da975bbd','订单查看','/core/subsystem/subsystem_main','e3a9badd-c141-43c1-9120-0993f4647ba9','31d8b557-afde-4d08-bcf4-917ace0b7fd0.a4f58ce5-060a-4e09-87d7-2ef7f0b961bb.e3a9badd-c141-43c1-9120-0993f4647ba9.55f4662c-5e10-4e34-b78b-79b5da975bbd',0,3,1,'2018-06-04 10:14:25','2018-06-04 10:21:39','7049e23d-8b7e-4271-a234-3e69d03d2fdd','7049e23d-8b7e-4271-a234-3e69d03d2fdd'),('5cb42c95-70f2-49b5-ba3b-08c18009f3f6','用车管理','#','a4f58ce5-060a-4e09-87d7-2ef7f0b961bb','31d8b557-afde-4d08-bcf4-917ace0b7fd0.a4f58ce5-060a-4e09-87d7-2ef7f0b961bb.5cb42c95-70f2-49b5-ba3b-08c18009f3f6',0,2,1,'2018-06-04 10:22:43','2018-09-08 14:10:40','7049e23d-8b7e-4271-a234-3e69d03d2fdd','7049e23d-8b7e-4271-a234-3e69d03d2fdd'),('69c9ae85-4826-480b-8b81-157f2b2e6332','用户组织','#','fa376fcd-213c-4391-a494-ec223d802942','31d8b557-afde-4d08-bcf4-917ace0b7fd0.fa376fcd-213c-4391-a494-ec223d802942.69c9ae85-4826-480b-8b81-157f2b2e6332',0,2,1,'2018-06-01 22:41:24','2018-08-04 16:09:09','7049e23d-8b7e-4271-a234-3e69d03d2fdd','7049e23d-8b7e-4271-a234-3e69d03d2fdd'),('770a72d2-af21-4af1-88bf-dae4ea677a24','权限管理','/core/permission/permission_main','28571a0e-671a-40b0-ae3d-fcf45751b5ca','31d8b557-afde-4d08-bcf4-917ace0b7fd0.fa376fcd-213c-4391-a494-ec223d802942.28571a0e-671a-40b0-ae3d-fcf45751b5ca.770a72d2-af21-4af1-88bf-dae4ea677a24',20,3,1,'2018-06-01 22:17:43','2018-06-02 00:27:45','7049e23d-8b7e-4271-a234-3e69d03d2fdd','7049e23d-8b7e-4271-a234-3e69d03d2fdd'),('773baa21-144c-453a-9c7f-308dac9e53a2','操作日志','/log/operationLog/operationLog_main','cc30ff01-92bf-4181-aa40-1841056d0fea','31d8b557-afde-4d08-bcf4-917ace0b7fd0.fa376fcd-213c-4391-a494-ec223d802942.cc30ff01-92bf-4181-aa40-1841056d0fea.773baa21-144c-453a-9c7f-308dac9e53a2',0,3,1,'2018-09-08 00:25:10','2018-09-08 00:25:10','7049e23d-8b7e-4271-a234-3e69d03d2fdd','7049e23d-8b7e-4271-a234-3e69d03d2fdd'),('7c68995d-07ba-4749-ad8f-9ff934bde88f','数据字典','/setting/dictionary/dictionary_main','019700d7-7c48-437e-b155-6b5020fe1a1a','31d8b557-afde-4d08-bcf4-917ace0b7fd0.fa376fcd-213c-4391-a494-ec223d802942.019700d7-7c48-437e-b155-6b5020fe1a1a.7c68995d-07ba-4749-ad8f-9ff934bde88f',10,3,1,'2018-06-08 20:17:11','2018-09-05 22:53:31','7049e23d-8b7e-4271-a234-3e69d03d2fdd','7049e23d-8b7e-4271-a234-3e69d03d2fdd'),('87a0921c-68a7-4561-890a-83db400d0241','用车申请','/log/operationLog','5cb42c95-70f2-49b5-ba3b-08c18009f3f6','31d8b557-afde-4d08-bcf4-917ace0b7fd0.a4f58ce5-060a-4e09-87d7-2ef7f0b961bb.5cb42c95-70f2-49b5-ba3b-08c18009f3f6.87a0921c-68a7-4561-890a-83db400d0241',0,3,1,'2018-06-04 10:22:59','2018-09-02 23:42:32','7049e23d-8b7e-4271-a234-3e69d03d2fdd','7049e23d-8b7e-4271-a234-3e69d03d2fdd'),('a4f58ce5-060a-4e09-87d7-2ef7f0b961bb','业务管理','#','31d8b557-afde-4d08-bcf4-917ace0b7fd0','31d8b557-afde-4d08-bcf4-917ace0b7fd0.a4f58ce5-060a-4e09-87d7-2ef7f0b961bb',111,1,1,'2018-06-04 10:12:50','2018-09-05 22:52:39','7049e23d-8b7e-4271-a234-3e69d03d2fdd','7049e23d-8b7e-4271-a234-3e69d03d2fdd'),('acd6b181-5bc2-42b2-bc3f-91f74e1a6ed3','角色管理','/core/role/role_main','28571a0e-671a-40b0-ae3d-fcf45751b5ca','31d8b557-afde-4d08-bcf4-917ace0b7fd0.fa376fcd-213c-4391-a494-ec223d802942.28571a0e-671a-40b0-ae3d-fcf45751b5ca.acd6b181-5bc2-42b2-bc3f-91f74e1a6ed3',30,3,1,'2018-06-01 22:40:55','2018-06-02 00:28:22','7049e23d-8b7e-4271-a234-3e69d03d2fdd','7049e23d-8b7e-4271-a234-3e69d03d2fdd'),('bd6964f0-5be9-4644-8ce8-c9ac6a2caf0b','组织管理','/core/organization/organization_main','69c9ae85-4826-480b-8b81-157f2b2e6332','31d8b557-afde-4d08-bcf4-917ace0b7fd0.fa376fcd-213c-4391-a494-ec223d802942.69c9ae85-4826-480b-8b81-157f2b2e6332.bd6964f0-5be9-4644-8ce8-c9ac6a2caf0b',10,3,1,'2018-06-01 22:43:17','2018-06-02 00:28:45','7049e23d-8b7e-4271-a234-3e69d03d2fdd','7049e23d-8b7e-4271-a234-3e69d03d2fdd'),('be4cef59-a237-48b8-bed6-43cd5061f44b','菜单管理','/core/menu/menu_main','28571a0e-671a-40b0-ae3d-fcf45751b5ca','31d8b557-afde-4d08-bcf4-917ace0b7fd0.fa376fcd-213c-4391-a494-ec223d802942.28571a0e-671a-40b0-ae3d-fcf45751b5ca.be4cef59-a237-48b8-bed6-43cd5061f44b',10,3,1,'2018-06-01 22:14:31','2018-06-02 00:27:57','7049e23d-8b7e-4271-a234-3e69d03d2fdd','7049e23d-8b7e-4271-a234-3e69d03d2fdd'),('cc30ff01-92bf-4181-aa40-1841056d0fea','日志管理','#','fa376fcd-213c-4391-a494-ec223d802942','31d8b557-afde-4d08-bcf4-917ace0b7fd0.fa376fcd-213c-4391-a494-ec223d802942.cc30ff01-92bf-4181-aa40-1841056d0fea',0,2,1,'2018-06-03 22:39:14','2018-06-03 22:39:14','7049e23d-8b7e-4271-a234-3e69d03d2fdd','7049e23d-8b7e-4271-a234-3e69d03d2fdd'),('e3a9badd-c141-43c1-9120-0993f4647ba9','订单管理','#','a4f58ce5-060a-4e09-87d7-2ef7f0b961bb','31d8b557-afde-4d08-bcf4-917ace0b7fd0.a4f58ce5-060a-4e09-87d7-2ef7f0b961bb.e3a9badd-c141-43c1-9120-0993f4647ba9',0,2,1,'2018-06-04 10:13:41','2018-06-04 10:13:41','7049e23d-8b7e-4271-a234-3e69d03d2fdd','7049e23d-8b7e-4271-a234-3e69d03d2fdd'),('fa376fcd-213c-4391-a494-ec223d802942','系统管理','#','31d8b557-afde-4d08-bcf4-917ace0b7fd0','31d8b557-afde-4d08-bcf4-917ace0b7fd0.fa376fcd-213c-4391-a494-ec223d802942',0,1,1,'2018-06-01 22:13:01','2018-08-04 16:09:02','7049e23d-8b7e-4271-a234-3e69d03d2fdd','7049e23d-8b7e-4271-a234-3e69d03d2fdd'),('ff7ff68f-f869-490c-b233-31cfba1425c9','用户管理','/core/user/user_main','69c9ae85-4826-480b-8b81-157f2b2e6332','31d8b557-afde-4d08-bcf4-917ace0b7fd0.fa376fcd-213c-4391-a494-ec223d802942.69c9ae85-4826-480b-8b81-157f2b2e6332.ff7ff68f-f869-490c-b233-31cfba1425c9',20,3,1,'2018-06-01 22:41:44','2018-06-02 00:28:53','7049e23d-8b7e-4271-a234-3e69d03d2fdd','7049e23d-8b7e-4271-a234-3e69d03d2fdd');
/*!40000 ALTER TABLE `sys_menu` ENABLE KEYS */;
UNLOCK TABLES;

--
-- Dumping data for table `sys_operation_log`
--

LOCK TABLES `sys_operation_log` WRITE;
/*!40000 ALTER TABLE `sys_operation_log` DISABLE KEYS */;
/*!40000 ALTER TABLE `sys_operation_log` ENABLE KEYS */;
UNLOCK TABLES;

--
-- Dumping data for table `sys_organization`
--

LOCK TABLES `sys_organization` WRITE;
/*!40000 ALTER TABLE `sys_organization` DISABLE KEYS */;
INSERT INTO `sys_organization` VALUES ('37c9e62e-6fa0-42ae-a91e-e144dfd8cbca','集团行政部','root','37c9e62e-6fa0-42ae-a91e-e144dfd8cbca',0,0,1,'2017-09-18 16:43:23','2018-06-18 22:41:38',NULL,'7049e23d-8b7e-4271-a234-3e69d03d2fdd'),('6542ad9c-b999-49d2-a98a-1a6fba64d9fe','北京分公司','root','6542ad9c-b999-49d2-a98a-1a6fba64d9fe',0,0,1,'2017-09-18 16:45:14','2018-08-13 00:10:14',NULL,'7049e23d-8b7e-4271-a234-3e69d03d2fdd'),('93fd67b3-944b-4d00-8a67-123589fde9ff','行政部','fd6f6991-c41c-4242-9ad1-477bc097fb56','fd6f6991-c41c-4242-9ad1-477bc097fb56.93fd67b3-944b-4d00-8a67-123589fde9ff',0,1,1,'2017-09-18 16:45:59',NULL,NULL,NULL),('94b0b27c-ef70-4f09-b7f1-520ce67cb113','集团财务部','root','94b0b27c-ef70-4f09-b7f1-520ce67cb113',0,0,1,'2017-09-18 16:43:38','2018-08-12 20:34:36',NULL,'7049e23d-8b7e-4271-a234-3e69d03d2fdd'),('bf4af571-d0a8-4ac8-8f2d-b4ad48bfcfe0','财务部','6542ad9c-b999-49d2-a98a-1a6fba64d9fe','6542ad9c-b999-49d2-a98a-1a6fba64d9fe.bf4af571-d0a8-4ac8-8f2d-b4ad48bfcfe0',44,1,1,'2017-09-18 16:45:48','2018-05-19 23:23:10',NULL,'7049e23d-8b7e-4271-a234-3e69d03d2fdd'),('ee9b898d-c15d-4e7f-bb4e-f55cd237154d','信息部','root','ee9b898d-c15d-4e7f-bb4e-f55cd237154d',0,0,1,'2017-09-18 16:48:56',NULL,NULL,NULL),('f0e007b6-08d6-4643-aad3-55862e0d1e76','行政部','6542ad9c-b999-49d2-a98a-1a6fba64d9fe','6542ad9c-b999-49d2-a98a-1a6fba64d9fe.f0e007b6-08d6-4643-aad3-55862e0d1e76',0,1,1,'2017-09-18 16:45:38',NULL,NULL,NULL),('f543e66d-4ef9-47b4-a47c-d0b91e0e35a7','财务部','fd6f6991-c41c-4242-9ad1-477bc097fb56','fd6f6991-c41c-4242-9ad1-477bc097fb56.f543e66d-4ef9-47b4-a47c-d0b91e0e35a7',0,1,1,'2017-09-18 16:46:08',NULL,NULL,NULL),('fd6f6991-c41c-4242-9ad1-477bc097fb56','广州分公司','root','fd6f6991-c41c-4242-9ad1-477bc097fb56',0,0,1,'2017-09-18 16:45:26',NULL,NULL,NULL);
/*!40000 ALTER TABLE `sys_organization` ENABLE KEYS */;
UNLOCK TABLES;

--
-- Dumping data for table `sys_permission`
--

LOCK TABLES `sys_permission` WRITE;
/*!40000 ALTER TABLE `sys_permission` DISABLE KEYS */;
INSERT INTO `sys_permission` VALUES ('00d21dcc-2810-4bb6-b76a-3d52ed7b6eaf','日志管理','menu:cc30ff01-92bf-4181-aa40-1841056d0fea','','7436e274-d8bf-48df-9231-445e44d232b0','f9391c82-6603-4e29-92c5-2a1f884bd062.7436e274-d8bf-48df-9231-445e44d232b0.00d21dcc-2810-4bb6-b76a-3d52ed7b6eaf',30,0,2,1,'2018-06-03 23:40:47','2018-06-03 23:41:07','7049e23d-8b7e-4271-a234-3e69d03d2fdd','7049e23d-8b7e-4271-a234-3e69d03d2fdd'),('01edd833-15ec-43b9-985d-20f9289730f9','新增','core:permission:add','','9d600040-e212-48e7-b0a6-055c4fe2178d','f9391c82-6603-4e29-92c5-2a1f884bd062.7436e274-d8bf-48df-9231-445e44d232b0.17592fc0-6011-4f45-a68f-4e134a8651cd.9d600040-e212-48e7-b0a6-055c4fe2178d.01edd833-15ec-43b9-985d-20f9289730f9',0,0,4,1,'2018-06-01 23:16:51','2018-06-01 23:16:51','7049e23d-8b7e-4271-a234-3e69d03d2fdd','7049e23d-8b7e-4271-a234-3e69d03d2fdd'),('02cefb96-c6b9-4f99-b152-5a9317eb079d','修改','core:permission:modify','','9d600040-e212-48e7-b0a6-055c4fe2178d','f9391c82-6603-4e29-92c5-2a1f884bd062.7436e274-d8bf-48df-9231-445e44d232b0.17592fc0-6011-4f45-a68f-4e134a8651cd.9d600040-e212-48e7-b0a6-055c4fe2178d.02cefb96-c6b9-4f99-b152-5a9317eb079d',0,0,4,1,'2018-06-01 23:17:20','2018-06-01 23:17:20','7049e23d-8b7e-4271-a234-3e69d03d2fdd','7049e23d-8b7e-4271-a234-3e69d03d2fdd'),('0e356408-a011-4821-a58a-7b134f505731','修改','core:user:modify','','d0500251-b0c4-4d97-ab6b-17890c4e277c','f9391c82-6603-4e29-92c5-2a1f884bd062.7436e274-d8bf-48df-9231-445e44d232b0.cab16162-43e1-42c6-a95a-f53dd67f7303.d0500251-b0c4-4d97-ab6b-17890c4e277c.0e356408-a011-4821-a58a-7b134f505731',0,0,4,1,'2018-06-01 23:24:07','2018-06-01 23:24:07','7049e23d-8b7e-4271-a234-3e69d03d2fdd','7049e23d-8b7e-4271-a234-3e69d03d2fdd'),('0e8ef1f5-7c38-4e7b-ba8c-14aeee609205','分配用户','core:role:setuser','','92833861-448e-4350-907a-666792fef6ef','f9391c82-6603-4e29-92c5-2a1f884bd062.7436e274-d8bf-48df-9231-445e44d232b0.17592fc0-6011-4f45-a68f-4e134a8651cd.92833861-448e-4350-907a-666792fef6ef.0e8ef1f5-7c38-4e7b-ba8c-14aeee609205',0,0,3,1,'2018-06-01 23:35:10','2018-06-01 23:35:10','7049e23d-8b7e-4271-a234-3e69d03d2fdd','7049e23d-8b7e-4271-a234-3e69d03d2fdd'),('0ff60913-e309-4b83-aef9-c046d4c856ce','删除','setting:dictionary:delete','','3714bb6d-e997-4a7a-ae6b-1b1466b1b841','f9391c82-6603-4e29-92c5-2a1f884bd062.7436e274-d8bf-48df-9231-445e44d232b0.99b9dbeb-769f-4060-891a-cdfd9cfa955a.3714bb6d-e997-4a7a-ae6b-1b1466b1b841.0ff60913-e309-4b83-aef9-c046d4c856ce',0,0,4,1,'2018-06-17 16:39:17','2018-06-17 16:39:17','7049e23d-8b7e-4271-a234-3e69d03d2fdd','7049e23d-8b7e-4271-a234-3e69d03d2fdd'),('17592fc0-6011-4f45-a68f-4e134a8651cd','菜单权限','menu:28571a0e-671a-40b0-ae3d-fcf45751b5ca','','7436e274-d8bf-48df-9231-445e44d232b0','f9391c82-6603-4e29-92c5-2a1f884bd062.7436e274-d8bf-48df-9231-445e44d232b0.17592fc0-6011-4f45-a68f-4e134a8651cd',0,0,2,1,'2018-06-01 22:46:52','2018-08-12 20:34:05','7049e23d-8b7e-4271-a234-3e69d03d2fdd','7049e23d-8b7e-4271-a234-3e69d03d2fdd'),('1be9b104-5665-43a7-a699-f80b9075e92a','重置密码','core:user:resetpasswd','','d0500251-b0c4-4d97-ab6b-17890c4e277c','f9391c82-6603-4e29-92c5-2a1f884bd062.7436e274-d8bf-48df-9231-445e44d232b0.cab16162-43e1-42c6-a95a-f53dd67f7303.d0500251-b0c4-4d97-ab6b-17890c4e277c.1be9b104-5665-43a7-a699-f80b9075e92a',0,0,4,1,'2018-06-01 23:24:32','2018-06-01 23:24:32','7049e23d-8b7e-4271-a234-3e69d03d2fdd','7049e23d-8b7e-4271-a234-3e69d03d2fdd'),('264bcb4c-ddcc-40ba-b4db-9751500b17b1','删除','core:permission:delete','','9d600040-e212-48e7-b0a6-055c4fe2178d','f9391c82-6603-4e29-92c5-2a1f884bd062.7436e274-d8bf-48df-9231-445e44d232b0.17592fc0-6011-4f45-a68f-4e134a8651cd.9d600040-e212-48e7-b0a6-055c4fe2178d.264bcb4c-ddcc-40ba-b4db-9751500b17b1',0,0,4,1,'2018-06-01 23:17:37','2018-06-01 23:17:37','7049e23d-8b7e-4271-a234-3e69d03d2fdd','7049e23d-8b7e-4271-a234-3e69d03d2fdd'),('2a723d60-457b-4be2-99c4-684a44a92672','删除','core:subsystem:delete','','663fc5f6-4409-4a53-882b-05d68d65e6f2','f9391c82-6603-4e29-92c5-2a1f884bd062.7436e274-d8bf-48df-9231-445e44d232b0.17592fc0-6011-4f45-a68f-4e134a8651cd.663fc5f6-4409-4a53-882b-05d68d65e6f2.2a723d60-457b-4be2-99c4-684a44a92672',0,0,4,1,'2018-06-01 23:21:06','2018-06-01 23:21:06','7049e23d-8b7e-4271-a234-3e69d03d2fdd','7049e23d-8b7e-4271-a234-3e69d03d2fdd'),('3003ce80-3224-4e0d-8097-c4d1017b2088','新增','core:menu:add','','4b45d360-1654-44d0-a09c-aa3f1a277efc','f9391c82-6603-4e29-92c5-2a1f884bd062.7436e274-d8bf-48df-9231-445e44d232b0.17592fc0-6011-4f45-a68f-4e134a8651cd.4b45d360-1654-44d0-a09c-aa3f1a277efc.3003ce80-3224-4e0d-8097-c4d1017b2088',0,0,4,1,'2018-06-01 23:15:35','2018-06-01 23:15:35','7049e23d-8b7e-4271-a234-3e69d03d2fdd','7049e23d-8b7e-4271-a234-3e69d03d2fdd'),('3714bb6d-e997-4a7a-ae6b-1b1466b1b841','数据字典','menu:7c68995d-07ba-4749-ad8f-9ff934bde88f','','99b9dbeb-769f-4060-891a-cdfd9cfa955a','f9391c82-6603-4e29-92c5-2a1f884bd062.7436e274-d8bf-48df-9231-445e44d232b0.99b9dbeb-769f-4060-891a-cdfd9cfa955a.3714bb6d-e997-4a7a-ae6b-1b1466b1b841',10,0,3,1,'2018-06-17 16:37:56','2018-06-17 16:37:56','7049e23d-8b7e-4271-a234-3e69d03d2fdd','7049e23d-8b7e-4271-a234-3e69d03d2fdd'),('42e17df9-70aa-493c-8ba8-f6b43a93f08f','新增','setting:dictionary:add','','3714bb6d-e997-4a7a-ae6b-1b1466b1b841','f9391c82-6603-4e29-92c5-2a1f884bd062.7436e274-d8bf-48df-9231-445e44d232b0.99b9dbeb-769f-4060-891a-cdfd9cfa955a.3714bb6d-e997-4a7a-ae6b-1b1466b1b841.42e17df9-70aa-493c-8ba8-f6b43a93f08f',0,0,4,1,'2018-06-17 16:38:41','2018-06-17 16:38:41','7049e23d-8b7e-4271-a234-3e69d03d2fdd','7049e23d-8b7e-4271-a234-3e69d03d2fdd'),('4b45d360-1654-44d0-a09c-aa3f1a277efc','菜单管理','menu:be4cef59-a237-48b8-bed6-43cd5061f44b','','17592fc0-6011-4f45-a68f-4e134a8651cd','f9391c82-6603-4e29-92c5-2a1f884bd062.7436e274-d8bf-48df-9231-445e44d232b0.17592fc0-6011-4f45-a68f-4e134a8651cd.4b45d360-1654-44d0-a09c-aa3f1a277efc',0,0,3,1,'2018-06-01 22:48:52','2018-06-01 22:48:52','7049e23d-8b7e-4271-a234-3e69d03d2fdd','7049e23d-8b7e-4271-a234-3e69d03d2fdd'),('4e12bb84-2aed-4752-8bca-b76165fed2b3','修改','core:organization:modify','','9ddc078c-b1b2-4aa4-a0a4-6ea660b41426','f9391c82-6603-4e29-92c5-2a1f884bd062.7436e274-d8bf-48df-9231-445e44d232b0.cab16162-43e1-42c6-a95a-f53dd67f7303.9ddc078c-b1b2-4aa4-a0a4-6ea660b41426.4e12bb84-2aed-4752-8bca-b76165fed2b3',0,0,4,1,'2018-06-01 23:23:11','2018-07-07 17:25:10','7049e23d-8b7e-4271-a234-3e69d03d2fdd','7049e23d-8b7e-4271-a234-3e69d03d2fdd'),('504060ee-8e62-4caa-971a-1e77760569da','删除','core:user:delete','','d0500251-b0c4-4d97-ab6b-17890c4e277c','f9391c82-6603-4e29-92c5-2a1f884bd062.7436e274-d8bf-48df-9231-445e44d232b0.cab16162-43e1-42c6-a95a-f53dd67f7303.d0500251-b0c4-4d97-ab6b-17890c4e277c.504060ee-8e62-4caa-971a-1e77760569da',0,0,4,1,'2018-06-01 23:24:19','2018-06-01 23:24:19','7049e23d-8b7e-4271-a234-3e69d03d2fdd','7049e23d-8b7e-4271-a234-3e69d03d2fdd'),('582b2646-5a51-45f6-a5b3-d2e963dd6aa0','修改','core:role:modify','','92833861-448e-4350-907a-666792fef6ef','f9391c82-6603-4e29-92c5-2a1f884bd062.7436e274-d8bf-48df-9231-445e44d232b0.17592fc0-6011-4f45-a68f-4e134a8651cd.92833861-448e-4350-907a-666792fef6ef.582b2646-5a51-45f6-a5b3-d2e963dd6aa0',0,0,4,1,'2018-06-01 23:21:52','2018-06-01 23:21:52','7049e23d-8b7e-4271-a234-3e69d03d2fdd','7049e23d-8b7e-4271-a234-3e69d03d2fdd'),('64baabd7-db3f-4279-8936-3b8cba96904f','查看全部','log:loginLog:query:all','1=1','992c2b60-b054-4d6e-ae36-d5a3751903ea','f9391c82-6603-4e29-92c5-2a1f884bd062.7436e274-d8bf-48df-9231-445e44d232b0.00d21dcc-2810-4bb6-b76a-3d52ed7b6eaf.992c2b60-b054-4d6e-ae36-d5a3751903ea.64baabd7-db3f-4279-8936-3b8cba96904f',0,20,4,1,'2018-06-03 23:42:24','2018-09-02 23:23:46','7049e23d-8b7e-4271-a234-3e69d03d2fdd','7049e23d-8b7e-4271-a234-3e69d03d2fdd'),('663fc5f6-4409-4a53-882b-05d68d65e6f2','业务系统','menu:4e075fa4-9198-4083-b51c-2f7a157403b8','','17592fc0-6011-4f45-a68f-4e134a8651cd','f9391c82-6603-4e29-92c5-2a1f884bd062.7436e274-d8bf-48df-9231-445e44d232b0.17592fc0-6011-4f45-a68f-4e134a8651cd.663fc5f6-4409-4a53-882b-05d68d65e6f2',0,0,3,1,'2018-06-01 22:48:03','2018-06-01 22:48:03','7049e23d-8b7e-4271-a234-3e69d03d2fdd','7049e23d-8b7e-4271-a234-3e69d03d2fdd'),('7436e274-d8bf-48df-9231-445e44d232b0','系统管理','menu:fa376fcd-213c-4391-a494-ec223d802942','','f9391c82-6603-4e29-92c5-2a1f884bd062','f9391c82-6603-4e29-92c5-2a1f884bd062.7436e274-d8bf-48df-9231-445e44d232b0',0,0,1,1,'2018-06-01 22:46:22','2018-08-12 16:12:22','7049e23d-8b7e-4271-a234-3e69d03d2fdd','7049e23d-8b7e-4271-a234-3e69d03d2fdd'),('7cb18946-95a0-4423-8958-efd2ad71ca3e','新增','core:organization:add','','9ddc078c-b1b2-4aa4-a0a4-6ea660b41426','f9391c82-6603-4e29-92c5-2a1f884bd062.7436e274-d8bf-48df-9231-445e44d232b0.cab16162-43e1-42c6-a95a-f53dd67f7303.9ddc078c-b1b2-4aa4-a0a4-6ea660b41426.7cb18946-95a0-4423-8958-efd2ad71ca3e',0,0,4,1,'2018-06-01 23:22:56','2018-06-01 23:26:38','7049e23d-8b7e-4271-a234-3e69d03d2fdd','7049e23d-8b7e-4271-a234-3e69d03d2fdd'),('7cef29c4-6d0f-46d5-89ec-0d562f4e89e6','新增','core:role:add','','92833861-448e-4350-907a-666792fef6ef','f9391c82-6603-4e29-92c5-2a1f884bd062.7436e274-d8bf-48df-9231-445e44d232b0.17592fc0-6011-4f45-a68f-4e134a8651cd.92833861-448e-4350-907a-666792fef6ef.7cef29c4-6d0f-46d5-89ec-0d562f4e89e6',0,0,4,1,'2018-06-01 23:16:15','2018-06-01 23:16:15','7049e23d-8b7e-4271-a234-3e69d03d2fdd','7049e23d-8b7e-4271-a234-3e69d03d2fdd'),('82fc4d7d-580c-4c36-809c-227079a5b5a7','修改','setting:dictionary:modify','','3714bb6d-e997-4a7a-ae6b-1b1466b1b841','f9391c82-6603-4e29-92c5-2a1f884bd062.7436e274-d8bf-48df-9231-445e44d232b0.99b9dbeb-769f-4060-891a-cdfd9cfa955a.3714bb6d-e997-4a7a-ae6b-1b1466b1b841.82fc4d7d-580c-4c36-809c-227079a5b5a7',0,0,4,1,'2018-06-17 16:39:01','2018-06-17 16:39:01','7049e23d-8b7e-4271-a234-3e69d03d2fdd','7049e23d-8b7e-4271-a234-3e69d03d2fdd'),('89a013bf-c0dc-45a2-8ee5-65432f4901f6','操作日志','menu:773baa21-144c-453a-9c7f-308dac9e53a2','','00d21dcc-2810-4bb6-b76a-3d52ed7b6eaf','f9391c82-6603-4e29-92c5-2a1f884bd062.7436e274-d8bf-48df-9231-445e44d232b0.00d21dcc-2810-4bb6-b76a-3d52ed7b6eaf.89a013bf-c0dc-45a2-8ee5-65432f4901f6',0,0,3,1,'2018-09-09 00:54:59','2018-09-09 00:54:59','7049e23d-8b7e-4271-a234-3e69d03d2fdd','7049e23d-8b7e-4271-a234-3e69d03d2fdd'),('8ac53706-803b-4bc4-895a-2f2102ba56bd','分配权限','core:role:setpermission','','92833861-448e-4350-907a-666792fef6ef','f9391c82-6603-4e29-92c5-2a1f884bd062.7436e274-d8bf-48df-9231-445e44d232b0.17592fc0-6011-4f45-a68f-4e134a8651cd.92833861-448e-4350-907a-666792fef6ef.8ac53706-803b-4bc4-895a-2f2102ba56bd',0,0,3,1,'2018-06-01 23:34:34','2018-06-01 23:34:34','7049e23d-8b7e-4271-a234-3e69d03d2fdd','7049e23d-8b7e-4271-a234-3e69d03d2fdd'),('8e9b6e65-caf5-440f-b241-afd0c22e5795','删除','core:organization:delete','','9ddc078c-b1b2-4aa4-a0a4-6ea660b41426','f9391c82-6603-4e29-92c5-2a1f884bd062.7436e274-d8bf-48df-9231-445e44d232b0.cab16162-43e1-42c6-a95a-f53dd67f7303.9ddc078c-b1b2-4aa4-a0a4-6ea660b41426.8e9b6e65-caf5-440f-b241-afd0c22e5795',0,0,4,1,'2018-06-01 23:23:33','2018-06-01 23:26:54','7049e23d-8b7e-4271-a234-3e69d03d2fdd','7049e23d-8b7e-4271-a234-3e69d03d2fdd'),('92833861-448e-4350-907a-666792fef6ef','角色管理','menu:acd6b181-5bc2-42b2-bc3f-91f74e1a6ed3','','17592fc0-6011-4f45-a68f-4e134a8651cd','f9391c82-6603-4e29-92c5-2a1f884bd062.7436e274-d8bf-48df-9231-445e44d232b0.17592fc0-6011-4f45-a68f-4e134a8651cd.92833861-448e-4350-907a-666792fef6ef',0,0,3,1,'2018-06-01 22:49:21','2018-06-01 22:49:21','7049e23d-8b7e-4271-a234-3e69d03d2fdd','7049e23d-8b7e-4271-a234-3e69d03d2fdd'),('992c2b60-b054-4d6e-ae36-d5a3751903ea','登录日志','menu:358c56e4-3445-4889-8beb-e692bebbc233','','00d21dcc-2810-4bb6-b76a-3d52ed7b6eaf','f9391c82-6603-4e29-92c5-2a1f884bd062.7436e274-d8bf-48df-9231-445e44d232b0.00d21dcc-2810-4bb6-b76a-3d52ed7b6eaf.992c2b60-b054-4d6e-ae36-d5a3751903ea',0,0,3,1,'2018-06-03 23:41:27','2018-06-03 23:41:27','7049e23d-8b7e-4271-a234-3e69d03d2fdd','7049e23d-8b7e-4271-a234-3e69d03d2fdd'),('99b9dbeb-769f-4060-891a-cdfd9cfa955a','参数管理','menu:019700d7-7c48-437e-b155-6b5020fe1a1a','','7436e274-d8bf-48df-9231-445e44d232b0','f9391c82-6603-4e29-92c5-2a1f884bd062.7436e274-d8bf-48df-9231-445e44d232b0.99b9dbeb-769f-4060-891a-cdfd9cfa955a',40,0,2,1,'2018-06-17 16:37:27','2018-06-17 16:37:27','7049e23d-8b7e-4271-a234-3e69d03d2fdd','7049e23d-8b7e-4271-a234-3e69d03d2fdd'),('9a498d0c-0d19-4f34-b51d-d7868206b9f6','修改','core:subsystem:modify','','663fc5f6-4409-4a53-882b-05d68d65e6f2','f9391c82-6603-4e29-92c5-2a1f884bd062.7436e274-d8bf-48df-9231-445e44d232b0.17592fc0-6011-4f45-a68f-4e134a8651cd.663fc5f6-4409-4a53-882b-05d68d65e6f2.9a498d0c-0d19-4f34-b51d-d7868206b9f6',0,0,4,1,'2018-06-01 23:20:57','2018-06-01 23:20:57','7049e23d-8b7e-4271-a234-3e69d03d2fdd','7049e23d-8b7e-4271-a234-3e69d03d2fdd'),('9d600040-e212-48e7-b0a6-055c4fe2178d','权限管理','menu:770a72d2-af21-4af1-88bf-dae4ea677a24','','17592fc0-6011-4f45-a68f-4e134a8651cd','f9391c82-6603-4e29-92c5-2a1f884bd062.7436e274-d8bf-48df-9231-445e44d232b0.17592fc0-6011-4f45-a68f-4e134a8651cd.9d600040-e212-48e7-b0a6-055c4fe2178d',0,0,3,1,'2018-06-01 22:48:30','2018-06-01 22:48:30','7049e23d-8b7e-4271-a234-3e69d03d2fdd','7049e23d-8b7e-4271-a234-3e69d03d2fdd'),('9ddc078c-b1b2-4aa4-a0a4-6ea660b41426','组织管理','menu:bd6964f0-5be9-4644-8ce8-c9ac6a2caf0b','','cab16162-43e1-42c6-a95a-f53dd67f7303','f9391c82-6603-4e29-92c5-2a1f884bd062.7436e274-d8bf-48df-9231-445e44d232b0.cab16162-43e1-42c6-a95a-f53dd67f7303.9ddc078c-b1b2-4aa4-a0a4-6ea660b41426',0,0,3,1,'2018-06-01 22:49:45','2018-06-01 22:49:45','7049e23d-8b7e-4271-a234-3e69d03d2fdd','7049e23d-8b7e-4271-a234-3e69d03d2fdd'),('a3ce9821-9a1e-4464-8c56-25de16ce2d7f','查看自己','log:loginLog:query:self','a.user_id=\'@env{user.userId}\'','992c2b60-b054-4d6e-ae36-d5a3751903ea','f9391c82-6603-4e29-92c5-2a1f884bd062.7436e274-d8bf-48df-9231-445e44d232b0.00d21dcc-2810-4bb6-b76a-3d52ed7b6eaf.992c2b60-b054-4d6e-ae36-d5a3751903ea.a3ce9821-9a1e-4464-8c56-25de16ce2d7f',0,10,4,1,'2018-06-03 23:42:50','2018-09-02 23:23:59','7049e23d-8b7e-4271-a234-3e69d03d2fdd','7049e23d-8b7e-4271-a234-3e69d03d2fdd'),('b1a34393-bd77-4ef6-926e-cc50c4743f40','查看全部','log:operationLog:query:all','1=1','89a013bf-c0dc-45a2-8ee5-65432f4901f6','f9391c82-6603-4e29-92c5-2a1f884bd062.7436e274-d8bf-48df-9231-445e44d232b0.00d21dcc-2810-4bb6-b76a-3d52ed7b6eaf.89a013bf-c0dc-45a2-8ee5-65432f4901f6.b1a34393-bd77-4ef6-926e-cc50c4743f40',0,20,4,1,'2018-09-09 00:56:08','2018-09-09 00:57:57','7049e23d-8b7e-4271-a234-3e69d03d2fdd','7049e23d-8b7e-4271-a234-3e69d03d2fdd'),('b2bb40e5-daf1-4123-ad18-8d030776c089','修改','core:menu:modify','','4b45d360-1654-44d0-a09c-aa3f1a277efc','f9391c82-6603-4e29-92c5-2a1f884bd062.7436e274-d8bf-48df-9231-445e44d232b0.17592fc0-6011-4f45-a68f-4e134a8651cd.4b45d360-1654-44d0-a09c-aa3f1a277efc.b2bb40e5-daf1-4123-ad18-8d030776c089',0,0,4,1,'2018-06-01 23:19:13','2018-06-01 23:19:13','7049e23d-8b7e-4271-a234-3e69d03d2fdd','7049e23d-8b7e-4271-a234-3e69d03d2fdd'),('cab16162-43e1-42c6-a95a-f53dd67f7303','用户组织','menu:69c9ae85-4826-480b-8b81-157f2b2e6332','','7436e274-d8bf-48df-9231-445e44d232b0','f9391c82-6603-4e29-92c5-2a1f884bd062.7436e274-d8bf-48df-9231-445e44d232b0.cab16162-43e1-42c6-a95a-f53dd67f7303',0,0,2,1,'2018-06-01 22:47:15','2018-06-01 22:47:15','7049e23d-8b7e-4271-a234-3e69d03d2fdd','7049e23d-8b7e-4271-a234-3e69d03d2fdd'),('cd9754da-9c71-4f61-8db7-2dced8d1ea83','新增','core:subsystem:add','','663fc5f6-4409-4a53-882b-05d68d65e6f2','f9391c82-6603-4e29-92c5-2a1f884bd062.7436e274-d8bf-48df-9231-445e44d232b0.17592fc0-6011-4f45-a68f-4e134a8651cd.663fc5f6-4409-4a53-882b-05d68d65e6f2.cd9754da-9c71-4f61-8db7-2dced8d1ea83',0,0,4,1,'2018-06-01 23:20:12','2018-06-01 23:20:12','7049e23d-8b7e-4271-a234-3e69d03d2fdd','7049e23d-8b7e-4271-a234-3e69d03d2fdd'),('d0500251-b0c4-4d97-ab6b-17890c4e277c','用户管理','menu:ff7ff68f-f869-490c-b233-31cfba1425c9','','cab16162-43e1-42c6-a95a-f53dd67f7303','f9391c82-6603-4e29-92c5-2a1f884bd062.7436e274-d8bf-48df-9231-445e44d232b0.cab16162-43e1-42c6-a95a-f53dd67f7303.d0500251-b0c4-4d97-ab6b-17890c4e277c',0,0,3,1,'2018-06-01 22:50:09','2018-06-01 22:50:09','7049e23d-8b7e-4271-a234-3e69d03d2fdd','7049e23d-8b7e-4271-a234-3e69d03d2fdd'),('e635c569-ac90-47de-a079-cb9bd415db81','删除','core:menu:delete','','4b45d360-1654-44d0-a09c-aa3f1a277efc','f9391c82-6603-4e29-92c5-2a1f884bd062.7436e274-d8bf-48df-9231-445e44d232b0.17592fc0-6011-4f45-a68f-4e134a8651cd.4b45d360-1654-44d0-a09c-aa3f1a277efc.e635c569-ac90-47de-a079-cb9bd415db81',0,0,4,1,'2018-06-01 23:19:30','2018-06-01 23:19:30','7049e23d-8b7e-4271-a234-3e69d03d2fdd','7049e23d-8b7e-4271-a234-3e69d03d2fdd'),('f4d8efc8-dff1-4ed8-a2f0-c567ea352b1d','查看自己','log:operationLog:query:self','a.user_id=\'@env{user.userId}\'','89a013bf-c0dc-45a2-8ee5-65432f4901f6','f9391c82-6603-4e29-92c5-2a1f884bd062.7436e274-d8bf-48df-9231-445e44d232b0.00d21dcc-2810-4bb6-b76a-3d52ed7b6eaf.89a013bf-c0dc-45a2-8ee5-65432f4901f6.f4d8efc8-dff1-4ed8-a2f0-c567ea352b1d',0,10,4,1,'2018-09-09 00:56:54','2018-09-09 00:58:06','7049e23d-8b7e-4271-a234-3e69d03d2fdd','7049e23d-8b7e-4271-a234-3e69d03d2fdd'),('f9391c82-6603-4e29-92c5-2a1f884bd062','通用权限管理系统','menu:31d8b557-afde-4d08-bcf4-917ace0b7fd0','','root','f9391c82-6603-4e29-92c5-2a1f884bd062',1,0,0,1,'2018-06-01 22:11:28','2018-06-01 22:11:28','7049e23d-8b7e-4271-a234-3e69d03d2fdd','7049e23d-8b7e-4271-a234-3e69d03d2fdd'),('fa50a600-7777-4b46-b2d5-7749984c2539','删除','core:role:delete','','92833861-448e-4350-907a-666792fef6ef','f9391c82-6603-4e29-92c5-2a1f884bd062.7436e274-d8bf-48df-9231-445e44d232b0.17592fc0-6011-4f45-a68f-4e134a8651cd.92833861-448e-4350-907a-666792fef6ef.fa50a600-7777-4b46-b2d5-7749984c2539',0,0,4,1,'2018-06-01 23:21:36','2018-06-01 23:21:36','7049e23d-8b7e-4271-a234-3e69d03d2fdd','7049e23d-8b7e-4271-a234-3e69d03d2fdd'),('fcf9ff1e-83d3-41bd-9e4a-80bbbe1088b8','新增','core:user:add','','d0500251-b0c4-4d97-ab6b-17890c4e277c','f9391c82-6603-4e29-92c5-2a1f884bd062.7436e274-d8bf-48df-9231-445e44d232b0.cab16162-43e1-42c6-a95a-f53dd67f7303.d0500251-b0c4-4d97-ab6b-17890c4e277c.fcf9ff1e-83d3-41bd-9e4a-80bbbe1088b8',0,0,4,1,'2018-06-01 23:23:52','2018-06-01 23:23:52','7049e23d-8b7e-4271-a234-3e69d03d2fdd','7049e23d-8b7e-4271-a234-3e69d03d2fdd');
/*!40000 ALTER TABLE `sys_permission` ENABLE KEYS */;
UNLOCK TABLES;

--
-- Dumping data for table `sys_role`
--

LOCK TABLES `sys_role` WRITE;
/*!40000 ALTER TABLE `sys_role` DISABLE KEYS */;
INSERT INTO `sys_role` VALUES ('46f6519f-7979-47b4-bfb9-9e2d566a4577','系统管理员','系统管理员',1,NULL,'2018-06-24 00:00:07',NULL,'7049e23d-8b7e-4271-a234-3e69d03d2fdd'),('894e9856-4d36-481c-9b91-0edafd8284c8','普通用户','普通用户',1,NULL,'2018-08-26 00:47:38',NULL,'7049e23d-8b7e-4271-a234-3e69d03d2fdd');
/*!40000 ALTER TABLE `sys_role` ENABLE KEYS */;
UNLOCK TABLES;

--
-- Dumping data for table `sys_role_permission`
--

LOCK TABLES `sys_role_permission` WRITE;
/*!40000 ALTER TABLE `sys_role_permission` DISABLE KEYS */;
INSERT INTO `sys_role_permission` VALUES ('01be1734-6376-4d80-a05d-ef877c520dc0','46f6519f-7979-47b4-bfb9-9e2d566a4577','cd9754da-9c71-4f61-8db7-2dced8d1ea83',1,'2018-09-09 01:00:01','2018-09-09 01:00:01','7049e23d-8b7e-4271-a234-3e69d03d2fdd','7049e23d-8b7e-4271-a234-3e69d03d2fdd'),('041ab351-e9ed-4a7c-8eb4-cf2f4129bcfc','46f6519f-7979-47b4-bfb9-9e2d566a4577','89a013bf-c0dc-45a2-8ee5-65432f4901f6',1,'2018-09-09 01:00:01','2018-09-09 01:00:01','7049e23d-8b7e-4271-a234-3e69d03d2fdd','7049e23d-8b7e-4271-a234-3e69d03d2fdd'),('08d0a580-2472-409e-90ee-f9a6d25c3836','46f6519f-7979-47b4-bfb9-9e2d566a4577','3003ce80-3224-4e0d-8097-c4d1017b2088',1,'2018-09-09 01:00:01','2018-09-09 01:00:01','7049e23d-8b7e-4271-a234-3e69d03d2fdd','7049e23d-8b7e-4271-a234-3e69d03d2fdd'),('10c9b6c8-dcac-4778-8395-0b82bd62ae20','46f6519f-7979-47b4-bfb9-9e2d566a4577','504060ee-8e62-4caa-971a-1e77760569da',1,'2018-09-09 01:00:01','2018-09-09 01:00:01','7049e23d-8b7e-4271-a234-3e69d03d2fdd','7049e23d-8b7e-4271-a234-3e69d03d2fdd'),('11bfffa6-4882-4bd6-aa42-a23e42a53b8e','46f6519f-7979-47b4-bfb9-9e2d566a4577','0ff60913-e309-4b83-aef9-c046d4c856ce',1,'2018-09-09 01:00:01','2018-09-09 01:00:01','7049e23d-8b7e-4271-a234-3e69d03d2fdd','7049e23d-8b7e-4271-a234-3e69d03d2fdd'),('14aaa1da-ce0a-4881-b8ca-5d01f68fc57e','894e9856-4d36-481c-9b91-0edafd8284c8','7436e274-d8bf-48df-9231-445e44d232b0',1,'2018-09-09 01:00:50','2018-09-09 01:00:50','7049e23d-8b7e-4271-a234-3e69d03d2fdd','7049e23d-8b7e-4271-a234-3e69d03d2fdd'),('1850d89c-0c2e-4163-b31f-bfcbaea04aab','894e9856-4d36-481c-9b91-0edafd8284c8','d0500251-b0c4-4d97-ab6b-17890c4e277c',1,'2018-09-09 01:00:51','2018-09-09 01:00:51','7049e23d-8b7e-4271-a234-3e69d03d2fdd','7049e23d-8b7e-4271-a234-3e69d03d2fdd'),('1a3f9e73-5880-47db-ba72-8ad635b2780d','46f6519f-7979-47b4-bfb9-9e2d566a4577','fa50a600-7777-4b46-b2d5-7749984c2539',1,'2018-09-09 01:00:01','2018-09-09 01:00:01','7049e23d-8b7e-4271-a234-3e69d03d2fdd','7049e23d-8b7e-4271-a234-3e69d03d2fdd'),('1b7cb2c6-290a-43ca-8608-b21418856938','46f6519f-7979-47b4-bfb9-9e2d566a4577','663fc5f6-4409-4a53-882b-05d68d65e6f2',1,'2018-09-09 01:00:01','2018-09-09 01:00:01','7049e23d-8b7e-4271-a234-3e69d03d2fdd','7049e23d-8b7e-4271-a234-3e69d03d2fdd'),('22324b03-7800-40c0-8533-55f20820bb47','46f6519f-7979-47b4-bfb9-9e2d566a4577','b1a34393-bd77-4ef6-926e-cc50c4743f40',1,'2018-09-09 01:00:01','2018-09-09 01:00:01','7049e23d-8b7e-4271-a234-3e69d03d2fdd','7049e23d-8b7e-4271-a234-3e69d03d2fdd'),('25847e31-02e5-4545-98d3-1ff10834e4fb','894e9856-4d36-481c-9b91-0edafd8284c8','89a013bf-c0dc-45a2-8ee5-65432f4901f6',1,'2018-09-09 01:00:51','2018-09-09 01:00:51','7049e23d-8b7e-4271-a234-3e69d03d2fdd','7049e23d-8b7e-4271-a234-3e69d03d2fdd'),('32cd8fab-8554-4346-b2f5-fb689ee5ad64','46f6519f-7979-47b4-bfb9-9e2d566a4577','3714bb6d-e997-4a7a-ae6b-1b1466b1b841',1,'2018-09-09 01:00:01','2018-09-09 01:00:01','7049e23d-8b7e-4271-a234-3e69d03d2fdd','7049e23d-8b7e-4271-a234-3e69d03d2fdd'),('33a6233b-b431-4682-8059-52857e1dc64e','46f6519f-7979-47b4-bfb9-9e2d566a4577','d0500251-b0c4-4d97-ab6b-17890c4e277c',1,'2018-09-09 01:00:01','2018-09-09 01:00:01','7049e23d-8b7e-4271-a234-3e69d03d2fdd','7049e23d-8b7e-4271-a234-3e69d03d2fdd'),('34150b49-feb8-422a-be95-76326edfd35a','46f6519f-7979-47b4-bfb9-9e2d566a4577','2a723d60-457b-4be2-99c4-684a44a92672',1,'2018-09-09 01:00:01','2018-09-09 01:00:01','7049e23d-8b7e-4271-a234-3e69d03d2fdd','7049e23d-8b7e-4271-a234-3e69d03d2fdd'),('34979ac6-c9d3-4eac-822c-ac5f1bb3a5ca','46f6519f-7979-47b4-bfb9-9e2d566a4577','0e356408-a011-4821-a58a-7b134f505731',1,'2018-09-09 01:00:01','2018-09-09 01:00:01','7049e23d-8b7e-4271-a234-3e69d03d2fdd','7049e23d-8b7e-4271-a234-3e69d03d2fdd'),('35cf4b98-3e26-4f18-a99e-abd29804afb5','46f6519f-7979-47b4-bfb9-9e2d566a4577','99b9dbeb-769f-4060-891a-cdfd9cfa955a',1,'2018-09-09 01:00:01','2018-09-09 01:00:01','7049e23d-8b7e-4271-a234-3e69d03d2fdd','7049e23d-8b7e-4271-a234-3e69d03d2fdd'),('3f354fe5-74ae-4e03-b131-d7649fa0e2bd','46f6519f-7979-47b4-bfb9-9e2d566a4577','64baabd7-db3f-4279-8936-3b8cba96904f',1,'2018-09-09 01:00:01','2018-09-09 01:00:01','7049e23d-8b7e-4271-a234-3e69d03d2fdd','7049e23d-8b7e-4271-a234-3e69d03d2fdd'),('408c2843-38b8-468d-919d-b5fab293a75d','46f6519f-7979-47b4-bfb9-9e2d566a4577','8e9b6e65-caf5-440f-b241-afd0c22e5795',1,'2018-09-09 01:00:01','2018-09-09 01:00:01','7049e23d-8b7e-4271-a234-3e69d03d2fdd','7049e23d-8b7e-4271-a234-3e69d03d2fdd'),('417e5e96-b249-41cb-97df-4dae9b8f821a','46f6519f-7979-47b4-bfb9-9e2d566a4577','92833861-448e-4350-907a-666792fef6ef',1,'2018-09-09 01:00:01','2018-09-09 01:00:01','7049e23d-8b7e-4271-a234-3e69d03d2fdd','7049e23d-8b7e-4271-a234-3e69d03d2fdd'),('4203c0e0-61de-4c26-ac16-51c42176ae62','46f6519f-7979-47b4-bfb9-9e2d566a4577','42e17df9-70aa-493c-8ba8-f6b43a93f08f',1,'2018-09-09 01:00:01','2018-09-09 01:00:01','7049e23d-8b7e-4271-a234-3e69d03d2fdd','7049e23d-8b7e-4271-a234-3e69d03d2fdd'),('42a78964-7b18-46e7-824b-00f1299e0db2','46f6519f-7979-47b4-bfb9-9e2d566a4577','fcf9ff1e-83d3-41bd-9e4a-80bbbe1088b8',1,'2018-09-09 01:00:01','2018-09-09 01:00:01','7049e23d-8b7e-4271-a234-3e69d03d2fdd','7049e23d-8b7e-4271-a234-3e69d03d2fdd'),('4bced5f6-46d8-4d7e-8758-3df04c178e0c','46f6519f-7979-47b4-bfb9-9e2d566a4577','4b45d360-1654-44d0-a09c-aa3f1a277efc',1,'2018-09-09 01:00:01','2018-09-09 01:00:01','7049e23d-8b7e-4271-a234-3e69d03d2fdd','7049e23d-8b7e-4271-a234-3e69d03d2fdd'),('59318f3a-9399-4ec8-b6f5-f58e79009547','894e9856-4d36-481c-9b91-0edafd8284c8','9ddc078c-b1b2-4aa4-a0a4-6ea660b41426',1,'2018-09-09 01:00:51','2018-09-09 01:00:51','7049e23d-8b7e-4271-a234-3e69d03d2fdd','7049e23d-8b7e-4271-a234-3e69d03d2fdd'),('5ca36b0d-8e75-4550-a319-a6b70c787b8e','46f6519f-7979-47b4-bfb9-9e2d566a4577','01edd833-15ec-43b9-985d-20f9289730f9',1,'2018-09-09 01:00:01','2018-09-09 01:00:01','7049e23d-8b7e-4271-a234-3e69d03d2fdd','7049e23d-8b7e-4271-a234-3e69d03d2fdd'),('5d293b89-ae0c-47d2-933d-f30716bd4464','894e9856-4d36-481c-9b91-0edafd8284c8','cab16162-43e1-42c6-a95a-f53dd67f7303',1,'2018-09-09 01:00:50','2018-09-09 01:00:50','7049e23d-8b7e-4271-a234-3e69d03d2fdd','7049e23d-8b7e-4271-a234-3e69d03d2fdd'),('62b471a1-6803-4f60-8579-a79f3c8d76d3','46f6519f-7979-47b4-bfb9-9e2d566a4577','9ddc078c-b1b2-4aa4-a0a4-6ea660b41426',1,'2018-09-09 01:00:01','2018-09-09 01:00:01','7049e23d-8b7e-4271-a234-3e69d03d2fdd','7049e23d-8b7e-4271-a234-3e69d03d2fdd'),('6d9d70b3-1248-4655-bb74-5027c46c20cb','46f6519f-7979-47b4-bfb9-9e2d566a4577','8ac53706-803b-4bc4-895a-2f2102ba56bd',1,'2018-09-09 01:00:01','2018-09-09 01:00:01','7049e23d-8b7e-4271-a234-3e69d03d2fdd','7049e23d-8b7e-4271-a234-3e69d03d2fdd'),('78c6ddce-16e8-45b0-8c01-7474ed4cfcdf','46f6519f-7979-47b4-bfb9-9e2d566a4577','1be9b104-5665-43a7-a699-f80b9075e92a',1,'2018-09-09 01:00:01','2018-09-09 01:00:01','7049e23d-8b7e-4271-a234-3e69d03d2fdd','7049e23d-8b7e-4271-a234-3e69d03d2fdd'),('92136398-1fe0-4d50-82f5-e563994161a8','46f6519f-7979-47b4-bfb9-9e2d566a4577','02cefb96-c6b9-4f99-b152-5a9317eb079d',1,'2018-09-09 01:00:01','2018-09-09 01:00:01','7049e23d-8b7e-4271-a234-3e69d03d2fdd','7049e23d-8b7e-4271-a234-3e69d03d2fdd'),('92e530df-b3f8-4595-98f4-3b6fd488ec01','46f6519f-7979-47b4-bfb9-9e2d566a4577','4e12bb84-2aed-4752-8bca-b76165fed2b3',1,'2018-09-09 01:00:01','2018-09-09 01:00:01','7049e23d-8b7e-4271-a234-3e69d03d2fdd','7049e23d-8b7e-4271-a234-3e69d03d2fdd'),('993b50f0-396e-40a3-ba4b-d13ac9a280e2','46f6519f-7979-47b4-bfb9-9e2d566a4577','00d21dcc-2810-4bb6-b76a-3d52ed7b6eaf',1,'2018-09-09 01:00:01','2018-09-09 01:00:01','7049e23d-8b7e-4271-a234-3e69d03d2fdd','7049e23d-8b7e-4271-a234-3e69d03d2fdd'),('9c2a0f10-a0fe-4f8c-9a1d-17b08dcf936b','46f6519f-7979-47b4-bfb9-9e2d566a4577','b2bb40e5-daf1-4123-ad18-8d030776c089',1,'2018-09-09 01:00:01','2018-09-09 01:00:01','7049e23d-8b7e-4271-a234-3e69d03d2fdd','7049e23d-8b7e-4271-a234-3e69d03d2fdd'),('a20e8042-2019-4123-8a43-4cff9aa0814a','894e9856-4d36-481c-9b91-0edafd8284c8','f9391c82-6603-4e29-92c5-2a1f884bd062',1,'2018-09-09 01:00:50','2018-09-09 01:00:50','7049e23d-8b7e-4271-a234-3e69d03d2fdd','7049e23d-8b7e-4271-a234-3e69d03d2fdd'),('a47f74b3-7878-4f1c-a007-f684ba114013','894e9856-4d36-481c-9b91-0edafd8284c8','00d21dcc-2810-4bb6-b76a-3d52ed7b6eaf',1,'2018-09-09 01:00:51','2018-09-09 01:00:51','7049e23d-8b7e-4271-a234-3e69d03d2fdd','7049e23d-8b7e-4271-a234-3e69d03d2fdd'),('a49d456c-7876-4c28-932b-b5b9c0f948ba','46f6519f-7979-47b4-bfb9-9e2d566a4577','7436e274-d8bf-48df-9231-445e44d232b0',1,'2018-09-09 01:00:01','2018-09-09 01:00:01','7049e23d-8b7e-4271-a234-3e69d03d2fdd','7049e23d-8b7e-4271-a234-3e69d03d2fdd'),('a60fb1a5-70ec-43fb-b37e-451bce4df178','894e9856-4d36-481c-9b91-0edafd8284c8','f4d8efc8-dff1-4ed8-a2f0-c567ea352b1d',1,'2018-09-09 01:00:51','2018-09-09 01:00:51','7049e23d-8b7e-4271-a234-3e69d03d2fdd','7049e23d-8b7e-4271-a234-3e69d03d2fdd'),('b175de8c-b7ae-464c-9db9-0fa1c4a60ff1','894e9856-4d36-481c-9b91-0edafd8284c8','a3ce9821-9a1e-4464-8c56-25de16ce2d7f',1,'2018-09-09 01:00:51','2018-09-09 01:00:51','7049e23d-8b7e-4271-a234-3e69d03d2fdd','7049e23d-8b7e-4271-a234-3e69d03d2fdd'),('b34df39a-34bd-4989-8165-036dafc0549a','46f6519f-7979-47b4-bfb9-9e2d566a4577','9d600040-e212-48e7-b0a6-055c4fe2178d',1,'2018-09-09 01:00:01','2018-09-09 01:00:01','7049e23d-8b7e-4271-a234-3e69d03d2fdd','7049e23d-8b7e-4271-a234-3e69d03d2fdd'),('b518ae71-c7e6-4609-b52a-83e4d93d928a','46f6519f-7979-47b4-bfb9-9e2d566a4577','7cef29c4-6d0f-46d5-89ec-0d562f4e89e6',1,'2018-09-09 01:00:01','2018-09-09 01:00:01','7049e23d-8b7e-4271-a234-3e69d03d2fdd','7049e23d-8b7e-4271-a234-3e69d03d2fdd'),('b647ea8c-8e40-47e9-a325-7906dfd68931','46f6519f-7979-47b4-bfb9-9e2d566a4577','82fc4d7d-580c-4c36-809c-227079a5b5a7',1,'2018-09-09 01:00:01','2018-09-09 01:00:01','7049e23d-8b7e-4271-a234-3e69d03d2fdd','7049e23d-8b7e-4271-a234-3e69d03d2fdd'),('c8e81664-afbd-4971-bc4d-e0f3380196bf','46f6519f-7979-47b4-bfb9-9e2d566a4577','7cb18946-95a0-4423-8958-efd2ad71ca3e',1,'2018-09-09 01:00:01','2018-09-09 01:00:01','7049e23d-8b7e-4271-a234-3e69d03d2fdd','7049e23d-8b7e-4271-a234-3e69d03d2fdd'),('c911cac6-90fc-4807-a4cb-02bc2a545c78','46f6519f-7979-47b4-bfb9-9e2d566a4577','0e8ef1f5-7c38-4e7b-ba8c-14aeee609205',1,'2018-09-09 01:00:01','2018-09-09 01:00:01','7049e23d-8b7e-4271-a234-3e69d03d2fdd','7049e23d-8b7e-4271-a234-3e69d03d2fdd'),('d6607fe5-b55c-446b-b6fe-ab718f0359eb','46f6519f-7979-47b4-bfb9-9e2d566a4577','992c2b60-b054-4d6e-ae36-d5a3751903ea',1,'2018-09-09 01:00:01','2018-09-09 01:00:01','7049e23d-8b7e-4271-a234-3e69d03d2fdd','7049e23d-8b7e-4271-a234-3e69d03d2fdd'),('daac9246-e775-412e-8d57-32ba71314d90','46f6519f-7979-47b4-bfb9-9e2d566a4577','17592fc0-6011-4f45-a68f-4e134a8651cd',1,'2018-09-09 01:00:01','2018-09-09 01:00:01','7049e23d-8b7e-4271-a234-3e69d03d2fdd','7049e23d-8b7e-4271-a234-3e69d03d2fdd'),('e18b9739-a1a8-4db3-b845-9c12568c091b','46f6519f-7979-47b4-bfb9-9e2d566a4577','f4d8efc8-dff1-4ed8-a2f0-c567ea352b1d',1,'2018-09-09 01:00:01','2018-09-09 01:00:01','7049e23d-8b7e-4271-a234-3e69d03d2fdd','7049e23d-8b7e-4271-a234-3e69d03d2fdd'),('e21821de-f752-4ef1-a4b6-d6d6622d6b2c','46f6519f-7979-47b4-bfb9-9e2d566a4577','e635c569-ac90-47de-a079-cb9bd415db81',1,'2018-09-09 01:00:01','2018-09-09 01:00:01','7049e23d-8b7e-4271-a234-3e69d03d2fdd','7049e23d-8b7e-4271-a234-3e69d03d2fdd'),('e28d63bd-ed4f-47f3-9584-c2b5f094bdfc','894e9856-4d36-481c-9b91-0edafd8284c8','992c2b60-b054-4d6e-ae36-d5a3751903ea',1,'2018-09-09 01:00:51','2018-09-09 01:00:51','7049e23d-8b7e-4271-a234-3e69d03d2fdd','7049e23d-8b7e-4271-a234-3e69d03d2fdd'),('f0a50704-57ee-449c-a435-0f9f708d26b1','46f6519f-7979-47b4-bfb9-9e2d566a4577','582b2646-5a51-45f6-a5b3-d2e963dd6aa0',1,'2018-09-09 01:00:01','2018-09-09 01:00:01','7049e23d-8b7e-4271-a234-3e69d03d2fdd','7049e23d-8b7e-4271-a234-3e69d03d2fdd'),('f9bd2531-2998-469f-b4a0-45d7f89fe4dd','46f6519f-7979-47b4-bfb9-9e2d566a4577','264bcb4c-ddcc-40ba-b4db-9751500b17b1',1,'2018-09-09 01:00:01','2018-09-09 01:00:01','7049e23d-8b7e-4271-a234-3e69d03d2fdd','7049e23d-8b7e-4271-a234-3e69d03d2fdd'),('fbbd222a-8899-474c-a392-42bce11055b4','46f6519f-7979-47b4-bfb9-9e2d566a4577','f9391c82-6603-4e29-92c5-2a1f884bd062',1,'2018-09-09 01:00:01','2018-09-09 01:00:01','7049e23d-8b7e-4271-a234-3e69d03d2fdd','7049e23d-8b7e-4271-a234-3e69d03d2fdd'),('fbddadd3-2288-45ce-b1d1-8658134cae7b','46f6519f-7979-47b4-bfb9-9e2d566a4577','a3ce9821-9a1e-4464-8c56-25de16ce2d7f',1,'2018-09-09 01:00:01','2018-09-09 01:00:01','7049e23d-8b7e-4271-a234-3e69d03d2fdd','7049e23d-8b7e-4271-a234-3e69d03d2fdd'),('fe7b0c86-81ac-467f-b9c5-cf2dda92e609','46f6519f-7979-47b4-bfb9-9e2d566a4577','9a498d0c-0d19-4f34-b51d-d7868206b9f6',1,'2018-09-09 01:00:01','2018-09-09 01:00:01','7049e23d-8b7e-4271-a234-3e69d03d2fdd','7049e23d-8b7e-4271-a234-3e69d03d2fdd'),('ffa36e70-f88e-4179-aa2a-2fa58a9707d3','46f6519f-7979-47b4-bfb9-9e2d566a4577','cab16162-43e1-42c6-a95a-f53dd67f7303',1,'2018-09-09 01:00:01','2018-09-09 01:00:01','7049e23d-8b7e-4271-a234-3e69d03d2fdd','7049e23d-8b7e-4271-a234-3e69d03d2fdd');
/*!40000 ALTER TABLE `sys_role_permission` ENABLE KEYS */;
UNLOCK TABLES;

--
-- Dumping data for table `sys_subsystem`
--

LOCK TABLES `sys_subsystem` WRITE;
/*!40000 ALTER TABLE `sys_subsystem` DISABLE KEYS */;
INSERT INTO `sys_subsystem` VALUES ('8485f9e3-a0a9-463b-b6a8-850a30bdc917','upms','通用权限管理系统','通用权限管理系统','31d8b557-afde-4d08-bcf4-917ace0b7fd0','f9391c82-6603-4e29-92c5-2a1f884bd062',0,'1','1','1',1,NULL,'2018-08-12 20:34:24',NULL,'7049e23d-8b7e-4271-a234-3e69d03d2fdd');
/*!40000 ALTER TABLE `sys_subsystem` ENABLE KEYS */;
UNLOCK TABLES;

--
-- Dumping data for table `sys_user`
--

LOCK TABLES `sys_user` WRITE;
/*!40000 ALTER TABLE `sys_user` DISABLE KEYS */;
INSERT INTO `sys_user` VALUES ('4363264c-37b5-4cfa-ba89-1f0b9145656e','test01','test01','202CB962AC59075B964B07152D234B70','M','bf4af571-d0a8-4ac8-8f2d-b4ad48bfcfe0',1,NULL,'2018-08-13 00:13:32',NULL,'7049e23d-8b7e-4271-a234-3e69d03d2fdd'),('7049e23d-8b7e-4271-a234-3e69d03d2fdd','admin','系统管理员','202CB962AC59075B964B07152D234B70','M','fd6f6991-c41c-4242-9ad1-477bc097fb56',1,NULL,'2018-08-26 00:53:38',NULL,'7049e23d-8b7e-4271-a234-3e69d03d2fdd');
/*!40000 ALTER TABLE `sys_user` ENABLE KEYS */;
UNLOCK TABLES;

--
-- Dumping data for table `sys_user_role`
--

LOCK TABLES `sys_user_role` WRITE;
/*!40000 ALTER TABLE `sys_user_role` DISABLE KEYS */;
INSERT INTO `sys_user_role` VALUES ('4aaf2600-674c-448e-a836-10b64aab96c3','7049e23d-8b7e-4271-a234-3e69d03d2fdd','894e9856-4d36-481c-9b91-0edafd8284c8',1,'2018-09-05 22:53:06','2018-09-05 22:53:06','7049e23d-8b7e-4271-a234-3e69d03d2fdd','7049e23d-8b7e-4271-a234-3e69d03d2fdd'),('61975919-c088-4169-be96-6a27a60b1f42','7049e23d-8b7e-4271-a234-3e69d03d2fdd','46f6519f-7979-47b4-bfb9-9e2d566a4577',1,'2018-08-14 23:16:29','2018-08-14 23:16:29','7049e23d-8b7e-4271-a234-3e69d03d2fdd','7049e23d-8b7e-4271-a234-3e69d03d2fdd'),('7d234c6a-f12f-4a9e-8762-0d4a0896b04f','4363264c-37b5-4cfa-ba89-1f0b9145656e','894e9856-4d36-481c-9b91-0edafd8284c8',1,'2018-06-02 11:35:39','2018-06-02 11:35:39','7049e23d-8b7e-4271-a234-3e69d03d2fdd','7049e23d-8b7e-4271-a234-3e69d03d2fdd');
/*!40000 ALTER TABLE `sys_user_role` ENABLE KEYS */;
UNLOCK TABLES;

--
-- Dumping data for table `tes_user`
--

LOCK TABLES `tes_user` WRITE;
/*!40000 ALTER TABLE `tes_user` DISABLE KEYS */;
INSERT INTO `tes_user` VALUES ('0035b34a-5354-4adc-9fee-374bbc422f46','zs83','张三83','123','M',1,'2018-06-30 01:09:06',NULL,'admin',NULL,NULL),('00a541fd-37f4-4516-a5e9-e64ce291d934','zs27','张三27','123','M',1,'2018-06-30 09:05:42',NULL,'admin',NULL,NULL),('018d8b2c-425a-45d9-b798-379d053a8cea','zs25','张三25','123','M',1,'2018-06-30 09:05:42',NULL,'admin',NULL,NULL),('0250f5b0-c18d-427d-949f-e36a35b1fc8a','zs23','张三23','123','M',1,'2018-06-30 01:09:05',NULL,'admin',NULL,NULL),('026d34f5-6889-45cc-8188-83433442467f','zs31','张三31','123','M',1,'2018-06-30 09:05:42',NULL,'admin',NULL,NULL),('03f5dfac-ddcb-4fec-907c-ba3c1516b19e','zs55','张三55','123','M',1,'2018-08-11 15:21:06',NULL,'admin',NULL,NULL),('0575123a-81bf-4bc1-877d-f9de224df7f6','zs98','张三98','123','M',1,'2018-06-30 01:09:06',NULL,'admin',NULL,NULL),('06328043-f1c7-4385-89ca-dd3af35f5490','zs81','张三81','123','M',1,'2018-08-11 15:21:06',NULL,'admin',NULL,NULL),('06817e56-fc06-4ffe-9b17-7cdd775f952a','zs86','张三86','123','M',1,'2018-08-11 15:21:06',NULL,'admin',NULL,NULL),('08be0b6c-87f7-41fb-84e7-f318f622805c','zs37','张三37','123','M',1,'2018-06-30 01:09:06',NULL,'admin',NULL,NULL),('0a3ca54c-064c-46c7-aff2-722378008452','zs81','张三81','123','M',1,'2018-06-30 09:05:42',NULL,'admin',NULL,NULL),('0ab6c88c-cf14-4f64-9d2f-a8737329e161','zs16','张三16','123','M',1,'2018-06-30 09:05:41',NULL,'admin',NULL,NULL),('0c956cad-eb78-473f-9746-404f9b172510','zs36','张三36','123','M',1,'2018-06-30 09:05:42',NULL,'admin',NULL,NULL),('0d507a62-e7d2-467e-8e27-66392a5c7102','zs55','张三55','123','M',1,'2018-06-30 09:05:42',NULL,'admin',NULL,NULL),('0f26728d-96f7-4f44-a910-7801bb319d48','zs27','张三27','123','M',1,'2018-08-11 15:21:05',NULL,'admin',NULL,NULL),('0f62cbd0-0404-48ad-a89a-c16031026308','zs50','张三50','123','M',1,'2018-06-30 01:09:06',NULL,'admin',NULL,NULL),('1065d7d7-08f1-446d-93a7-9e4a8a13b9f9','zs80','张三80','123','M',1,'2018-08-11 15:21:06',NULL,'admin',NULL,NULL),('1082c185-bd0e-44c7-bdca-4c624ac924be','zs19','张三19','123','M',1,'2018-06-30 09:05:41',NULL,'admin',NULL,NULL),('11303c96-5063-4e48-a38d-07b3ec0fe651','zs88','张三88','123','M',1,'2018-06-30 01:09:06',NULL,'admin',NULL,NULL),('11762e43-d537-45e3-b3be-ed69e23f2639','zs50','张三50','123','M',1,'2018-06-30 09:05:42',NULL,'admin',NULL,NULL),('11ca2d36-84a9-4b06-b6a9-5363103b9c11','zs89','张三89','123','M',1,'2018-06-30 09:05:42',NULL,'admin',NULL,NULL),('12912814-bb0e-42c7-be25-6f5914a08fea','zs8','张三8','123','M',1,'2018-08-11 15:21:05',NULL,'admin',NULL,NULL),('1438013c-684c-4f1b-946b-2dc9be3db47b','zs38','张三38','123','M',1,'2018-06-30 09:05:42',NULL,'admin',NULL,NULL),('14a78fed-cd13-42f4-a603-caf7ccb9ae7b','zs13','张三13','123','M',1,'2018-06-30 09:05:41',NULL,'admin',NULL,NULL),('153e2161-9265-4e69-9bfa-95af6d64d674','zs51','张三51','123','M',1,'2018-08-11 15:21:06',NULL,'admin',NULL,NULL),('1699ecb1-dfba-4e98-ad1e-a101f57950bc','zs94','张三94','123','M',1,'2018-06-30 09:05:42',NULL,'admin',NULL,NULL),('16da2044-245f-433f-a1fa-c5ca893aa459','zs12','张三12','123','M',1,'2018-06-30 01:09:05',NULL,'admin',NULL,NULL),('16ff82b6-6f0c-4097-a552-2945ad9baebb','zs19','张三19','123','M',1,'2018-06-30 01:09:05',NULL,'admin',NULL,NULL),('186b1ff1-ade1-4ddb-8811-1336039e9c7c','zs37','张三37','123','M',1,'2018-08-11 15:21:05',NULL,'admin',NULL,NULL),('18b82216-dcf3-4636-8b44-10c96aa0c14d','zs69','张三69','123','M',1,'2018-06-30 01:09:06',NULL,'admin',NULL,NULL),('195082bb-69b0-4e28-b1a8-cc4552d7d8c1','zs34','张三34','123','M',1,'2018-06-30 09:05:42',NULL,'admin',NULL,NULL),('1a08f71e-0250-49ac-b03f-4df9c2bfd5ce','zs51','张三51','123','M',1,'2018-06-30 01:09:06',NULL,'admin',NULL,NULL),('1a61019d-7012-4415-9977-590c7c80f284','zs57','张三57','123','M',1,'2018-08-11 15:21:06',NULL,'admin',NULL,NULL),('1afe1d58-a5ee-418f-ab0c-e783808b5fd6','zs24','张三24','123','M',1,'2018-06-30 09:05:42',NULL,'admin',NULL,NULL),('1c7886f3-e5fc-4a2f-be72-93e025afe693','zs21','张三21','123','M',1,'2018-06-30 01:09:05',NULL,'admin',NULL,NULL),('1d697504-147b-4b17-a79b-e532cb817a9f','zs85','张三85','123','M',1,'2018-06-30 09:05:42',NULL,'admin',NULL,NULL),('1e91187d-3671-4655-8f10-ba2156d6e1f0','zs83','张三83','123','M',1,'2018-06-30 09:05:42',NULL,'admin',NULL,NULL),('1e921132-6f06-49d0-9888-42195112e3ec','zs97','张三97','123','M',1,'2018-08-11 15:21:06',NULL,'admin',NULL,NULL),('1ecb45d8-bb7a-4820-91bc-2c6146b18b30','zs30','张三30','123','M',1,'2018-06-30 09:05:42',NULL,'admin',NULL,NULL),('1f15dcb1-6201-41bf-ab0d-abd6a1946fdd','zs57','张三57','123','M',1,'2018-06-30 01:09:06',NULL,'admin',NULL,NULL),('201725af-1a79-4009-ba11-c391d354b797','zs30','张三30','123','M',1,'2018-08-11 15:21:05',NULL,'admin',NULL,NULL),('20369ab3-11e9-4823-96bc-9fa25b44a1cf','zs65','张三65','123','M',1,'2018-08-11 15:21:06',NULL,'admin',NULL,NULL),('208b90bf-cbef-4267-ad69-4a256911522b','zs49','张三49','123','M',1,'2018-08-11 15:21:06',NULL,'admin',NULL,NULL),('2260da01-43e7-4e9e-a5da-750b9aba35f4','zs33','张三33','123','M',1,'2018-06-30 01:09:06',NULL,'admin',NULL,NULL),('2270af8d-3c69-4e7d-b632-b114ac7ef371','zs8','张三8','123','M',1,'2018-06-30 09:05:41',NULL,'admin',NULL,NULL),('23ba3030-fba5-468f-b8aa-f20f198e23c6','zs45','张三45','123','M',1,'2018-06-30 01:09:06',NULL,'admin',NULL,NULL),('2483762a-e19d-411f-a310-aef3488b47fd','zs28','张三28','123','M',1,'2018-06-30 09:05:42',NULL,'admin',NULL,NULL),('27537798-4366-4cb1-86b3-2605c7f62f68','zs10','张三10','123','M',1,'2018-08-11 15:21:05',NULL,'admin',NULL,NULL),('277921ef-648f-43c7-81f7-88ebbe290da8','zs59','张三59','123','M',1,'2018-06-30 01:09:06',NULL,'admin',NULL,NULL),('27dd48db-7e63-4fbd-8e43-95b018014e13','zs56','张三56','123','M',1,'2018-08-11 15:21:06',NULL,'admin',NULL,NULL),('291c7804-ba37-49ee-8bcf-cf0f22523003','zs66','张三66','123','M',1,'2018-06-30 01:09:06',NULL,'admin',NULL,NULL),('2996ea09-5e6c-4698-a17a-31cad8cc2470','zs80','张三80','123','M',1,'2018-06-30 01:09:06',NULL,'admin',NULL,NULL),('2bcde026-80f6-47f9-a5f8-1eb652c00e20','zs79','张三79','123','M',1,'2018-06-30 09:05:42',NULL,'admin',NULL,NULL),('2cf92ec3-37a0-4598-8587-e38cac87715c','zs1','张三1','123','M',1,'2018-06-30 09:05:41',NULL,'admin',NULL,NULL),('2e43a983-8928-4e29-b2f2-e84a327ba458','zs90','张三90','123','M',1,'2018-08-11 15:21:06',NULL,'admin',NULL,NULL),('2eb54dfc-fc0e-49d9-b419-694e8af1425d','zs21','张三21','123','M',1,'2018-06-30 09:05:42',NULL,'admin',NULL,NULL),('2eda436d-4f41-42aa-bcbb-f6166b14fec3','zs36','张三36','123','M',1,'2018-06-30 01:09:06',NULL,'admin',NULL,NULL),('2efa26bb-2670-4994-8c92-35d40a53d5b6','zs24','张三24','123','M',1,'2018-08-11 15:21:05',NULL,'admin',NULL,NULL),('2f110f96-8512-46f3-9a8d-90238e44df6a','zs28','张三28','123','M',1,'2018-06-30 01:09:05',NULL,'admin',NULL,NULL),('2f767823-aac2-4dce-a7da-e16f6351b7db','zs92','张三92','123','M',1,'2018-06-30 09:05:42',NULL,'admin',NULL,NULL),('30e649c1-e88c-43f4-a47f-36053026a25e','zs11','张三11','123','M',1,'2018-06-30 09:05:41',NULL,'admin',NULL,NULL),('31c49635-f45a-4501-b463-ed69e267036b','zs69','张三69','123','M',1,'2018-06-30 09:05:42',NULL,'admin',NULL,NULL),('32d53829-dc06-427b-8054-1587c18aa4e9','zs32','张三32','123','M',1,'2018-06-30 01:09:06',NULL,'admin',NULL,NULL),('332397cc-6db4-4d29-b7bf-bb0a6fc8d875','zs92','张三92','123','M',1,'2018-08-11 15:21:06',NULL,'admin',NULL,NULL),('35c3dc85-b8e4-472b-b035-0a2a0cb967bf','zs64','张三64','123','M',1,'2018-06-30 01:09:06',NULL,'admin',NULL,NULL),('38cbb902-4f84-4a34-ad8d-73f0f6ac4188','zs99','张三99','123','M',1,'2018-06-30 01:09:06',NULL,'admin',NULL,NULL),('39064701-b7cd-4de5-98cd-83105c275fea','zs38','张三38','123','M',1,'2018-06-30 01:09:06',NULL,'admin',NULL,NULL),('391c7306-5d9b-4b69-af99-bb4eaf909470','zs40','张三40','123','M',1,'2018-06-30 01:09:06',NULL,'admin',NULL,NULL),('39277504-77aa-467c-95b0-14e67407c04a','zs72','张三72','123','M',1,'2018-06-30 01:09:06',NULL,'admin',NULL,NULL),('3a129ec6-70af-4ec6-8a33-c9516b19d449','zs33','张三33','123','M',1,'2018-08-11 15:21:05',NULL,'admin',NULL,NULL),('3b1ba584-caca-48be-b3ce-e9992d71a485','zs53','张三53','123','M',1,'2018-08-11 15:21:06',NULL,'admin',NULL,NULL),('3bef7ca6-6dbe-43f1-bd1c-73efc791fa83','zs83','张三83','123','M',1,'2018-08-11 15:21:06',NULL,'admin',NULL,NULL),('3c25fcbe-1d7f-4be8-9588-081c11de95f1','zs75','张三75','123','M',1,'2018-06-30 09:05:42',NULL,'admin',NULL,NULL),('3ca446e8-c7ac-4e42-bab0-1dc96c3f72d1','zs53','张三53','123','M',1,'2018-06-30 09:05:42',NULL,'admin',NULL,NULL),('3d36e46a-fcdf-4968-9d7a-5594b02027d3','zs60','张三60','123','M',1,'2018-08-11 15:21:06',NULL,'admin',NULL,NULL),('3da1a64f-2f4f-44ba-b40b-fdef827c225c','zs42','张三42','123','M',1,'2018-06-30 09:05:42',NULL,'admin',NULL,NULL),('3e893239-c0de-4db9-a15e-937ce2b2da1e','zs74','张三74','123','M',1,'2018-08-11 15:21:06',NULL,'admin',NULL,NULL),('3ed92b1b-d563-4eb0-bef2-2164e82ad7e8','zs23','张三23','123','M',1,'2018-08-11 15:21:05',NULL,'admin',NULL,NULL),('40265b81-f1bf-4fba-b70f-e02e358b2892','zs11','张三11','123','M',1,'2018-06-30 01:09:05',NULL,'admin',NULL,NULL),('406a16ab-18e5-4c49-a1a5-622fa28ccdcc','zs35','张三35','123','M',1,'2018-06-30 09:05:42',NULL,'admin',NULL,NULL),('41a5ab1e-904a-499b-b1d6-9b32a1921a58','zs47','张三47','123','M',1,'2018-06-30 09:05:42',NULL,'admin',NULL,NULL),('436f8622-07a6-4e79-96ae-a2af71cc0301','zs35','张三35','123','M',1,'2018-08-11 15:21:05',NULL,'admin',NULL,NULL),('438f5732-5b7b-431f-8234-b9ce970eb471','zs40','张三40','123','M',1,'2018-06-30 09:05:42',NULL,'admin',NULL,NULL),('4629ecf8-1007-43d4-a557-324d6c6bccfa','zs61','张三61','123','M',1,'2018-06-30 01:09:06',NULL,'admin',NULL,NULL),('466708f2-36dc-46e2-857e-fea2bb1e3617','zs97','张三97','123','M',1,'2018-06-30 09:05:42',NULL,'admin',NULL,NULL),('47022257-9bd8-49ec-ae59-26a93593b879','zs7','张三7','123','M',1,'2018-06-30 09:05:41',NULL,'admin',NULL,NULL),('475f9f32-bfa4-49ce-9b43-e9f4b7ba503e','zs32','张三32','123','M',1,'2018-08-11 15:21:05',NULL,'admin',NULL,NULL),('487e87c8-5b02-49ec-82d2-fdc8cbb157d0','zs58','张三58','123','M',1,'2018-06-30 09:05:42',NULL,'admin',NULL,NULL),('48d2266d-fd66-402d-b753-96768ac83718','zs43','张三43','123','M',1,'2018-06-30 09:05:42',NULL,'admin',NULL,NULL),('497f16ef-8cdf-458d-9a8e-3e5d32a5038e','zs79','张三79','123','M',1,'2018-06-30 01:09:06',NULL,'admin',NULL,NULL),('49f4bb4a-6d23-4a14-93d2-05933b55e1f5','zs92','张三92','123','M',1,'2018-06-30 01:09:06',NULL,'admin',NULL,NULL),('4ad2e4ae-4134-4fe6-9d65-d829e771ce59','zs25','张三25','123','M',1,'2018-06-30 01:09:05',NULL,'admin',NULL,NULL),('4b094fdc-195e-49e9-835b-38ad44097c77','zs39','张三39','123','M',1,'2018-08-11 15:21:05',NULL,'admin',NULL,NULL),('4b17703b-d528-4517-bdbe-10fb9d8ab482','zs22','张三22','123','M',1,'2018-06-30 01:09:05',NULL,'admin',NULL,NULL),('4db26990-2143-4a5d-8e49-31dcca1b6ef2','zs44','张三44','123','M',1,'2018-06-30 09:05:42',NULL,'admin',NULL,NULL),('4ddd4ffb-c980-48f2-a7f2-8ff9806f1625','zs53','张三53','123','M',1,'2018-06-30 01:09:06',NULL,'admin',NULL,NULL),('4df88e23-c72a-43f9-b235-10a439da294e','zs48','张三48','123','M',1,'2018-08-11 15:21:06',NULL,'admin',NULL,NULL),('4ed5392a-142a-4604-95a7-17dfdd300041','zs26','张三26','123','M',1,'2018-06-30 09:05:42',NULL,'admin',NULL,NULL),('4f24ecff-94bb-4d7a-9b3c-e6cb0935d1de','zs98','张三98','123','M',1,'2018-08-11 15:21:06',NULL,'admin',NULL,NULL),('4f30eb87-f10c-42fe-83f7-3307a7619b68','zs15','张三15','123','M',1,'2018-08-11 15:21:05',NULL,'admin',NULL,NULL),('4f4859d8-4d0f-44a5-b8a6-434183e573be','zs18','张三18','123','M',1,'2018-06-30 09:05:41',NULL,'admin',NULL,NULL),('4f59183b-fe6b-482b-8b37-23ed97dad15f','zs6','张三6','123','M',1,'2018-06-30 01:09:05',NULL,'admin',NULL,NULL),('4fc392d7-320c-4240-8ee2-a73c26da19c5','zs95','张三95','123','M',1,'2018-06-30 09:05:42',NULL,'admin',NULL,NULL),('5443026f-8c16-4ac5-9883-ad3f4362f563','zs62','张三62','123','M',1,'2018-08-11 15:21:06',NULL,'admin',NULL,NULL),('54ab5c82-6913-4097-a548-786f3c3cfb6b','zs31','张三31','123','M',1,'2018-08-11 15:21:05',NULL,'admin',NULL,NULL),('54d59db1-a061-4b00-ba1a-b49089f7dafc','zs99','张三99','123','M',1,'2018-08-11 15:21:06',NULL,'admin',NULL,NULL),('5791d04d-f80a-4564-9d11-f82d4b120f6d','zs26','张三26','123','M',1,'2018-06-30 01:09:05',NULL,'admin',NULL,NULL),('57d47e29-b28d-4b54-bbf1-d240a1c8f813','zs42','张三42','123','M',1,'2018-06-30 01:09:06',NULL,'admin',NULL,NULL),('590ec684-1fb2-4de0-a51b-0f39b715366e','zs49','张三49','123','M',1,'2018-06-30 09:05:42',NULL,'admin',NULL,NULL),('5b73a126-4e48-4dcf-a73e-7e85ffcf002f','zs43','张三43','123','M',1,'2018-08-11 15:21:05',NULL,'admin',NULL,NULL),('5ba63cab-7bf2-4d6a-8200-865c7bee16d0','zs44','张三44','123','M',1,'2018-08-11 15:21:05',NULL,'admin',NULL,NULL),('5be97345-d128-4731-8761-41362d9eb0e0','zs54','张三54','123','M',1,'2018-08-11 15:21:06',NULL,'admin',NULL,NULL),('5d2c8cda-9c42-4795-8abf-2926e9d03966','zs32','张三32','123','M',1,'2018-06-30 09:05:42',NULL,'admin',NULL,NULL),('5e05cb29-ae16-42a7-91a5-2ff8ca1ba48e','zs33','张三33','123','M',1,'2018-06-30 09:05:42',NULL,'admin',NULL,NULL),('5eab4f4d-c470-4b7c-9b5f-f5ae9b332d2b','zs48','张三48','123','M',1,'2018-06-30 09:05:42',NULL,'admin',NULL,NULL),('5f60d496-f02c-440d-b540-2f3bc5fccc13','zs91','张三91','123','M',1,'2018-06-30 01:09:06',NULL,'admin',NULL,NULL),('612097b9-b1d0-4ee3-9155-ee946354199d','zs76','张三76','123','M',1,'2018-06-30 01:09:06',NULL,'admin',NULL,NULL),('61fa47e5-18af-41aa-b983-0f65466793a2','zs98','张三98','123','M',1,'2018-06-30 09:05:42',NULL,'admin',NULL,NULL),('62c0b18b-cfa0-476b-8e12-9fa55fcfef1a','zs58','张三58','123','M',1,'2018-08-11 15:21:06',NULL,'admin',NULL,NULL),('632863f7-88b9-4688-b007-50cd8c058191','zs77','张三77','123','M',1,'2018-06-30 09:05:42',NULL,'admin',NULL,NULL),('65c55491-bb68-4955-933f-c1321dcd84cb','zs85','张三85','123','M',1,'2018-08-11 15:21:06',NULL,'admin',NULL,NULL),('68111cad-60d1-4daf-a5de-27a4eb416460','zs60','张三60','123','M',1,'2018-06-30 09:05:42',NULL,'admin',NULL,NULL),('6898919b-eab5-4bf9-86cd-783505260495','zs47','张三47','123','M',1,'2018-06-30 01:09:06',NULL,'admin',NULL,NULL),('6b3a161d-3718-44d4-814c-e85db60b5acc','zs82','张三82','123','M',1,'2018-06-30 01:09:06',NULL,'admin',NULL,NULL),('6c0139a7-361a-4898-b050-ad46716a5bab','zs86','张三86','123','M',1,'2018-06-30 01:09:06',NULL,'admin',NULL,NULL),('6c7478c6-6918-4586-a557-6305c01ef1be','zs50','张三50','123','M',1,'2018-08-11 15:21:06',NULL,'admin',NULL,NULL),('6d738539-8354-4f63-8dc4-371a94bbab8b','zs74','张三74','123','M',1,'2018-06-30 01:09:06',NULL,'admin',NULL,NULL),('6d86c67e-a2c2-4821-a1e3-3b7433a8761f','zs1','张三1','123','M',1,'2018-08-11 15:21:05',NULL,'admin',NULL,NULL),('705d8d6b-cb9d-4b37-a68c-a6fec5eebd25','zs88','张三88','123','M',1,'2018-06-30 09:05:42',NULL,'admin',NULL,NULL),('708cb706-18a9-4873-af3a-a62b4dd125ee','zs18','张三18','123','M',1,'2018-08-11 15:21:05',NULL,'admin',NULL,NULL),('71ea4bff-b9f0-46a6-b81c-4b8702cac014','zs73','张三73','123','M',1,'2018-08-11 15:21:06',NULL,'admin',NULL,NULL),('72e1327c-725a-483a-8b76-d06798f2cb77','zs72','张三72','123','M',1,'2018-06-30 09:05:42',NULL,'admin',NULL,NULL),('735b5948-fab0-40bd-a7f1-f82ca1b2eab8','zs93','张三93','123','M',1,'2018-08-11 15:21:06',NULL,'admin',NULL,NULL),('73699ac6-9a52-4d69-b001-8b00958f8ca6','zs49','张三49','123','M',1,'2018-06-30 01:09:06',NULL,'admin',NULL,NULL),('7371ae18-e2b6-40dc-b98c-0baf9b2ae0aa','zs6','张三6','123','M',1,'2018-06-30 09:05:41',NULL,'admin',NULL,NULL),('73a2cf76-8606-499e-bf9e-0e613f3c9688','zs89','张三89','123','M',1,'2018-06-30 01:09:06',NULL,'admin',NULL,NULL),('744bacb3-aa7d-4cec-a66d-8abc94e731a6','zs3','张三3','123','M',1,'2018-08-11 15:21:05',NULL,'admin',NULL,NULL),('76a7776b-21da-4ac0-81ed-00a094f8eaa1','zs27','张三27','123','M',1,'2018-06-30 01:09:05',NULL,'admin',NULL,NULL),('777f6325-fdb4-4b47-9d8b-12a086c472ae','zs76','张三76','123','M',1,'2018-06-30 09:05:42',NULL,'admin',NULL,NULL),('78e43026-09f2-4ef6-b7ca-1b56f1815ae9','zs11','张三11','123','M',1,'2018-08-11 15:21:05',NULL,'admin',NULL,NULL),('79333c8c-b475-4619-b151-a7d4faac2ee2','zs51','张三51','123','M',1,'2018-06-30 09:05:42',NULL,'admin',NULL,NULL),('79957620-04d6-4032-94b5-23a3e991221d','zs89','张三89','123','M',1,'2018-08-11 15:21:06',NULL,'admin',NULL,NULL),('79f9f753-a11d-4d72-96c0-d78b1b1c7d8c','zs13','张三13','123','M',1,'2018-08-11 15:21:05',NULL,'admin',NULL,NULL),('7a6d9e4f-3267-4646-a4a5-8098c8660bd0','zs87','张三87','123','M',1,'2018-06-30 09:05:42',NULL,'admin',NULL,NULL),('7b387071-87c3-4216-92d7-c697720ad66a','zs17','张三17','123','M',1,'2018-08-11 15:21:05',NULL,'admin',NULL,NULL),('7c0f7f1e-cd3c-4faa-9f8a-2bb035e0edf4','zs0','张三0','123','M',1,'2018-08-11 15:21:05',NULL,'admin',NULL,NULL),('7cad47e1-c317-4b56-8064-6850698f5350','zs61','张三61','123','M',1,'2018-06-30 09:05:42',NULL,'admin',NULL,NULL),('7d3967ba-b9f7-4e9d-b793-63e1c210a2cf','zs41','张三41','123','M',1,'2018-06-30 09:05:42',NULL,'admin',NULL,NULL),('7d3cfdbf-5f68-437f-841d-16f46c4ed98e','zs2','张三2','123','M',1,'2018-06-30 01:09:05',NULL,'admin',NULL,NULL),('7d73a814-9760-416f-9f82-eb0965e7d349','zs84','张三84','123','M',1,'2018-06-30 01:09:06',NULL,'admin',NULL,NULL),('7e5a9944-71d5-4d45-8cb3-c8d5ba503915','zs20','张三20','123','M',1,'2018-06-30 09:05:42',NULL,'admin',NULL,NULL),('7eecaefa-055c-4448-9b09-d9c186a0f7ee','zs29','张三29','123','M',1,'2018-06-30 09:05:42',NULL,'admin',NULL,NULL),('8265631b-fb2c-430b-9cb0-6a630ff9509c','zs24','张三24','123','M',1,'2018-06-30 01:09:05',NULL,'admin',NULL,NULL),('83772dc2-7126-464d-81bf-8f0918dbe941','zs95','张三95','123','M',1,'2018-06-30 01:09:06',NULL,'admin',NULL,NULL),('8556d36a-5654-46f8-9302-b835713764b3','zs70','张三70','123','M',1,'2018-06-30 01:09:06',NULL,'admin',NULL,NULL),('8719d07a-baab-401a-9826-4f97433af9b3','zs52','张三52','123','M',1,'2018-08-11 15:21:06',NULL,'admin',NULL,NULL),('871e63a3-028d-4789-b7db-50a40a317c83','zs52','张三52','123','M',1,'2018-06-30 01:09:06',NULL,'admin',NULL,NULL),('88c1ddc2-8e8d-4798-b53f-6bfdca72cf50','zs90','张三90','123','M',1,'2018-06-30 01:09:06',NULL,'admin',NULL,NULL),('8a3e2cd4-01e7-4b99-9418-37add8eede3c','zs12','张三12','123','M',1,'2018-06-30 09:05:41',NULL,'admin',NULL,NULL),('8ba11bde-6090-457a-862e-02c6ecc7f9cb','zs72','张三72','123','M',1,'2018-08-11 15:21:06',NULL,'admin',NULL,NULL),('8bc3ce64-ccbc-4c78-9aea-71a1e1720312','zs38','张三38','123','M',1,'2018-08-11 15:21:05',NULL,'admin',NULL,NULL),('8bfabaeb-641a-4bf1-ab18-bbfc255d778d','zs23','张三23','123','M',1,'2018-06-30 09:05:42',NULL,'admin',NULL,NULL),('8cf7b014-6913-4b3c-85ef-aca8594ee043','zs35','张三35','123','M',1,'2018-06-30 01:09:06',NULL,'admin',NULL,NULL),('8f2e4f1a-354f-4afc-b2f9-f266e571562c','zs71','张三71','123','M',1,'2018-06-30 01:09:06',NULL,'admin',NULL,NULL),('903a73f3-bc66-48b0-b6cf-cb86949a1376','zs43','张三43','123','M',1,'2018-06-30 01:09:06',NULL,'admin',NULL,NULL),('903a7d49-d245-493c-bb79-15e3bd6f5c61','zs88','张三88','123','M',1,'2018-08-11 15:21:06',NULL,'admin',NULL,NULL),('90753a7c-e55f-4aac-90bc-1acfee727e47','zs77','张三77','123','M',1,'2018-08-11 15:21:06',NULL,'admin',NULL,NULL),('909dcc9d-0688-44f1-917c-53914eb7abd2','zs79','张三79','123','M',1,'2018-08-11 15:21:06',NULL,'admin',NULL,NULL),('90afaf13-1f42-4f9a-a61f-5a70231f618e','zs29','张三29','123','M',1,'2018-08-11 15:21:05',NULL,'admin',NULL,NULL),('919303c9-95d9-4898-9216-3861ba23a119','zs74','张三74','123','M',1,'2018-06-30 09:05:42',NULL,'admin',NULL,NULL),('921cdc9e-6177-494d-a435-fe0a7f968aa3','zs15','张三15','123','M',1,'2018-06-30 01:09:05',NULL,'admin',NULL,NULL),('9223b169-ef71-4d93-ba45-2af1fb904040','zs59','张三59','123','M',1,'2018-06-30 09:05:42',NULL,'admin',NULL,NULL),('924c15ab-cb8a-48b9-a532-861c0a4374fd','zs63','张三63','123','M',1,'2018-06-30 01:09:06',NULL,'admin',NULL,NULL),('9311c90d-068f-4959-8f9b-5f24c2f1403a','zs0','张三0','123','M',1,'2018-06-30 01:09:05',NULL,'admin',NULL,NULL),('9362862b-8103-42e3-8ac8-33c67b026bf7','zs87','张三87','123','M',1,'2018-06-30 01:09:06',NULL,'admin',NULL,NULL),('94a0b8f8-184c-4fc0-838d-f4f40d99dc8d','zs20','张三20','123','M',1,'2018-06-30 01:09:05',NULL,'admin',NULL,NULL),('94ba40c1-67d9-499a-90a9-fee705b22ae8','zs93','张三93','123','M',1,'2018-06-30 01:09:06',NULL,'admin',NULL,NULL),('9792616b-3270-4199-87b2-7bbded598513','zs69','张三69','123','M',1,'2018-08-11 15:21:06',NULL,'admin',NULL,NULL),('981e35ce-f65a-41fd-9756-93f14ba660b3','zs48','张三48','123','M',1,'2018-06-30 01:09:06',NULL,'admin',NULL,NULL),('9984afaa-9937-4349-ae33-725d209cfe42','zs5','张三5','123','M',1,'2018-08-11 15:21:05',NULL,'admin',NULL,NULL),('99f8a2e8-dc20-4ab9-bdfc-557f40606eff','zs97','张三97','123','M',1,'2018-06-30 01:09:06',NULL,'admin',NULL,NULL),('9a1d571f-4644-4ef9-8509-6285e1d12709','zs10','张三10','123','M',1,'2018-06-30 01:09:05',NULL,'admin',NULL,NULL),('9abd8ef4-fedb-4001-b2b9-8ad0c11da122','zs7','张三7','123','M',1,'2018-06-30 01:09:05',NULL,'admin',NULL,NULL),('9b021e0f-2b90-4e38-b399-46e40f118836','zs94','张三94','123','M',1,'2018-08-11 15:21:06',NULL,'admin',NULL,NULL),('9b4e93e3-9d3f-4931-b337-9ac34f780300','zs18','张三18','123','M',1,'2018-06-30 01:09:05',NULL,'admin',NULL,NULL),('9d1c986b-e250-481c-ace8-025c1c0d41b1','zs37','张三37','123','M',1,'2018-06-30 09:05:42',NULL,'admin',NULL,NULL),('9e2a7cee-47ae-4444-a7e3-83a16d702e7f','zs78','张三78','123','M',1,'2018-06-30 09:05:42',NULL,'admin',NULL,NULL),('9ec60e11-2d81-4f70-b55a-3f570d6fbe20','zs68','张三68','123','M',1,'2018-08-11 15:21:06',NULL,'admin',NULL,NULL),('a03b5f52-30fc-48c9-91d0-09583948004c','zs34','张三34','123','M',1,'2018-06-30 01:09:06',NULL,'admin',NULL,NULL),('a0f1e8c4-c193-46b6-80d2-afe3107771f4','zs67','张三67','123','M',1,'2018-06-30 01:09:06',NULL,'admin',NULL,NULL),('a12af661-f35d-422f-aaac-0baac94bb961','zs42','张三42','123','M',1,'2018-08-11 15:21:05',NULL,'admin',NULL,NULL),('a1505f56-c7fa-4e73-aac2-df90890c3687','zs75','张三75','123','M',1,'2018-06-30 01:09:06',NULL,'admin',NULL,NULL),('a168a079-30bc-4612-b943-648688c68960','zs39','张三39','123','M',1,'2018-06-30 01:09:06',NULL,'admin',NULL,NULL),('a1e7f9a3-affc-4e99-b402-09e816b9acdb','zs28','张三28','123','M',1,'2018-08-11 15:21:05',NULL,'admin',NULL,NULL),('a433fda3-9455-4311-b8ed-f097b7a2c93b','zs0','张三0','123','M',1,'2018-06-30 09:05:41',NULL,'admin',NULL,NULL),('a531ec5d-a1ac-47fd-9682-f6f5d56bfdba','zs1','张三1','123','M',1,'2018-06-30 01:09:05',NULL,'admin',NULL,NULL),('a6b7d0e8-4d2f-4558-bb39-0063707ea55e','zs46','张三46','123','M',1,'2018-06-30 09:05:42',NULL,'admin',NULL,NULL),('a78aadce-7980-4059-936c-d4b13709f9b7','zs86','张三86','123','M',1,'2018-06-30 09:05:42',NULL,'admin',NULL,NULL),('a7e26860-56b9-4522-beee-6cdc66a1cf06','zs44','张三44','123','M',1,'2018-06-30 01:09:06',NULL,'admin',NULL,NULL),('a9a792ce-e064-4b76-9350-c07d9a3590fb','zs99','张三99','123','M',1,'2018-06-30 09:05:42',NULL,'admin',NULL,NULL),('aab9d1c0-57f2-4202-abb1-64b1afe686b2','zs26','张三26','123','M',1,'2018-08-11 15:21:05',NULL,'admin',NULL,NULL),('aba3fcdb-8851-4fea-9a48-2ac9435d3d23','zs65','张三65','123','M',1,'2018-06-30 09:05:42',NULL,'admin',NULL,NULL),('ac022380-b3db-48ff-ae7b-0e0359f52380','zs96','张三96','123','M',1,'2018-08-11 15:21:06',NULL,'admin',NULL,NULL),('ad077d5b-243e-4e86-a1ba-fcfb998372d2','zs67','张三67','123','M',1,'2018-06-30 09:05:42',NULL,'admin',NULL,NULL),('ad2d051c-92ab-47ce-afb7-1cfd48ae214d','zs73','张三73','123','M',1,'2018-06-30 01:09:06',NULL,'admin',NULL,NULL),('ada6a167-aa0d-45af-afeb-365f86ace83a','zs70','张三70','123','M',1,'2018-08-11 15:21:06',NULL,'admin',NULL,NULL),('aea8e2d5-6a6d-4c39-a887-7baa0ac94244','zs78','张三78','123','M',1,'2018-06-30 01:09:06',NULL,'admin',NULL,NULL),('af712252-d127-4408-951c-d9c4f52e7bae','zs46','张三46','123','M',1,'2018-06-30 01:09:06',NULL,'admin',NULL,NULL),('b1d5d1cb-559c-4704-a202-12a7c972ba87','zs25','张三25','123','M',1,'2018-08-11 15:21:05',NULL,'admin',NULL,NULL),('b2c37c82-1e74-41cc-89ba-cdefba216f2a','zs3','张三3','123','M',1,'2018-06-30 09:05:41',NULL,'admin',NULL,NULL),('b2f48d56-56c0-42ce-a760-77c238b1924c','zs61','张三61','123','M',1,'2018-08-11 15:21:06',NULL,'admin',NULL,NULL),('b3088d01-42c0-4ef2-86ce-bbc4472469fa','zs31','张三31','123','M',1,'2018-06-30 01:09:06',NULL,'admin',NULL,NULL),('b4c96cf4-5e2c-4efd-89df-bca60ffc9585','zs40','张三40','123','M',1,'2018-08-11 15:21:05',NULL,'admin',NULL,NULL),('b59df62b-7962-4334-95a0-0f527642be81','zs7','张三7','123','M',1,'2018-08-11 15:21:05',NULL,'admin',NULL,NULL),('b5f49b23-2f56-45ce-b205-1d064d11bcfa','zs17','张三17','123','M',1,'2018-06-30 09:05:41',NULL,'admin',NULL,NULL),('b7277d32-665e-4159-b157-0b45960097ce','zs9','张三9','123','M',1,'2018-06-30 09:05:41',NULL,'admin',NULL,NULL),('b7e415dc-bbd9-4f84-bb4f-d50078b10c6b','zs45','张三45','123','M',1,'2018-08-11 15:21:05',NULL,'admin',NULL,NULL),('b880f564-d2e6-4ab4-9491-4a935d7d45c1','zs4','张三4','123','M',1,'2018-06-30 01:09:05',NULL,'admin',NULL,NULL),('b9a57768-f475-4070-a9cc-56ea81152ce4','zs93','张三93','123','M',1,'2018-06-30 09:05:42',NULL,'admin',NULL,NULL),('bb740217-1827-4613-99f6-8974a265656c','zs29','张三29','123','M',1,'2018-06-30 01:09:05',NULL,'admin',NULL,NULL),('bcc25aad-507d-40ac-a9f0-07904543c74d','zs70','张三70','123','M',1,'2018-06-30 09:05:42',NULL,'admin',NULL,NULL),('be95a7f3-dc11-4c04-9e67-a1a397376cef','zs14','张三14','123','M',1,'2018-06-30 09:05:41',NULL,'admin',NULL,NULL),('bed9b73b-b6f3-4686-ad65-ceb0a048dc11','zs63','张三63','123','M',1,'2018-08-11 15:21:06',NULL,'admin',NULL,NULL),('bf0bbfa1-5485-45ab-82e7-84059404477f','zs13','张三13','123','M',1,'2018-06-30 01:09:05',NULL,'admin',NULL,NULL),('c07711be-cade-4741-9159-074b8a6d8997','zs80','张三80','123','M',1,'2018-06-30 09:05:42',NULL,'admin',NULL,NULL),('c09b6a1e-e87c-4b00-a99c-49ab7fc5de7d','zs65','张三65','123','M',1,'2018-06-30 01:09:06',NULL,'admin',NULL,NULL),('c0bc9208-15c8-47d9-98de-10df911ea848','zs87','张三87','123','M',1,'2018-08-11 15:21:06',NULL,'admin',NULL,NULL),('c1202506-0dbc-475e-aca2-06703e38d541','zs82','张三82','123','M',1,'2018-08-11 15:21:06',NULL,'admin',NULL,NULL),('c2f0e754-c81c-4caf-9620-96bda629626b','zs91','张三91','123','M',1,'2018-08-11 15:21:06',NULL,'admin',NULL,NULL),('c4379e98-f3ef-4ddc-bebb-b94cdf5e9284','zs2','张三2','123','M',1,'2018-06-30 09:05:41',NULL,'admin',NULL,NULL),('c486ebaa-24e7-43a5-b871-9ac28dc28f79','zs57','张三57','123','M',1,'2018-06-30 09:05:42',NULL,'admin',NULL,NULL),('c4cad043-205e-46db-933a-25b396ed2582','zs66','张三66','123','M',1,'2018-06-30 09:05:42',NULL,'admin',NULL,NULL),('c6816a04-243a-4abe-b10c-0a70936a3dcc','zs68','张三68','123','M',1,'2018-06-30 09:05:42',NULL,'admin',NULL,NULL),('c8213d19-eed0-460a-b4c7-eadafd4f5457','zs64','张三64','123','M',1,'2018-06-30 09:05:42',NULL,'admin',NULL,NULL),('c85609b4-06a2-48f5-8327-8b3d79b94b63','zs91','张三91','123','M',1,'2018-06-30 09:05:42',NULL,'admin',NULL,NULL),('c898fc4d-b1a4-4003-8adc-d1daba69d806','zs21','张三21','123','M',1,'2018-08-11 15:21:05',NULL,'admin',NULL,NULL),('c9b4d86f-1d4d-4d83-bb49-f0ae892fa692','zs59','张三59','123','M',1,'2018-08-11 15:21:06',NULL,'admin',NULL,NULL),('ca30c4f3-aebd-42f1-9d10-c36d5af9f240','zs16','张三16','123','M',1,'2018-08-11 15:21:05',NULL,'admin',NULL,NULL),('ca9ba792-53af-4bb8-a978-4caadcd54013','zs22','张三22','123','M',1,'2018-08-11 15:21:05',NULL,'admin',NULL,NULL),('cad5441d-84f3-406f-9778-37a98864c6f6','zs85','张三85','123','M',1,'2018-06-30 01:09:06',NULL,'admin',NULL,NULL),('cafa508e-af34-4fbf-8d45-8df636edaaa6','zs63','张三63','123','M',1,'2018-06-30 09:05:42',NULL,'admin',NULL,NULL),('cb23fda3-adeb-4a78-a3ff-8d6da2cbf683','zs45','张三45','123','M',1,'2018-06-30 09:05:42',NULL,'admin',NULL,NULL),('cb44aba5-9dd4-4879-9968-e6abc290ca02','zs77','张三77','123','M',1,'2018-06-30 01:09:06',NULL,'admin',NULL,NULL),('cb4dc265-6952-4c58-9d34-17195a67d3b7','zs94','张三94','123','M',1,'2018-06-30 01:09:06',NULL,'admin',NULL,NULL),('cc8edf8d-ff02-41fd-a549-ea521009518e','zs22','张三22','123','M',1,'2018-06-30 09:05:42',NULL,'admin',NULL,NULL),('ccb7a535-4fa9-4ff5-bb67-2bf138dbe83e','zs47','张三47','123','M',1,'2018-08-11 15:21:06',NULL,'admin',NULL,NULL),('cfdde98e-eebd-415d-b569-0f13d59eccb2','zs6','张三6','123','M',1,'2018-08-11 15:21:05',NULL,'admin',NULL,NULL),('d006190b-6612-4ce1-ba37-32a999146073','zs84','张三84','123','M',1,'2018-08-11 15:21:06',NULL,'admin',NULL,NULL),('d2e5c2a4-4f1d-4037-bd10-ac2c20dd5845','zs64','张三64','123','M',1,'2018-08-11 15:21:06',NULL,'admin',NULL,NULL),('d4666d39-5766-4a61-8af4-203720ecdbf9','zs2','张三2','123','M',1,'2018-08-11 15:21:05',NULL,'admin',NULL,NULL),('d64f37c2-ac45-4bb8-b831-76f4089c3736','zs96','张三96','123','M',1,'2018-06-30 09:05:42',NULL,'admin',NULL,NULL),('d6a64599-1bb0-4dff-af49-f951c894ca4e','zs3','张三3','123','M',1,'2018-06-30 01:09:05',NULL,'admin',NULL,NULL),('d719ecd1-e702-49d4-b780-ec639506cf31','zs4','张三4','123','M',1,'2018-06-30 09:05:41',NULL,'admin',NULL,NULL),('d741deb2-483e-4f23-9bf3-1a9933e5d3a9','zs46','张三46','123','M',1,'2018-08-11 15:21:05',NULL,'admin',NULL,NULL),('d79bd976-6975-40e2-a36f-42560b612e18','zs10','张三10','123','M',1,'2018-06-30 09:05:41',NULL,'admin',NULL,NULL),('d82f1b4d-4d3c-4371-9d80-7089b8594475','zs55','张三55','123','M',1,'2018-06-30 01:09:06',NULL,'admin',NULL,NULL),('d9878d8e-d74f-42ac-9653-258f4eeea8c8','zs71','张三71','123','M',1,'2018-06-30 09:05:42',NULL,'admin',NULL,NULL),('daa310ba-4119-4b70-9485-a23e6c0a57ae','zs16','张三16','123','M',1,'2018-06-30 01:09:05',NULL,'admin',NULL,NULL),('df7c3377-fb15-42ae-914c-6765ca409634','zs5','张三5','123','M',1,'2018-06-30 01:09:05',NULL,'admin',NULL,NULL),('e0251ef6-f1bb-46a3-a5a1-516cb619c3f2','zs56','张三56','123','M',1,'2018-06-30 09:05:42',NULL,'admin',NULL,NULL),('e0b05212-fbe4-41f8-9db1-851fc2ccf06e','zs34','张三34','123','M',1,'2018-08-11 15:21:05',NULL,'admin',NULL,NULL),('e0d16eee-39cb-421d-a1fa-34075050855d','zs54','张三54','123','M',1,'2018-06-30 01:09:06',NULL,'admin',NULL,NULL),('e12c2690-c3c7-4ec0-aa1b-3f0939a90c7d','zs66','张三66','123','M',1,'2018-08-11 15:21:06',NULL,'admin',NULL,NULL),('e1ea33b5-b9e1-49a0-a182-d67558a3b6a5','zs9','张三9','123','M',1,'2018-08-11 15:21:05',NULL,'admin',NULL,NULL),('e2dc870c-82d1-4469-a7ff-36900231eb51','zs96','张三96','123','M',1,'2018-06-30 01:09:06',NULL,'admin',NULL,NULL),('e4f1648d-6088-460b-86fd-e6310d81c0ab','zs81','张三81','123','M',1,'2018-06-30 01:09:06',NULL,'admin',NULL,NULL),('e6db8ee3-49c8-4e8d-9ed0-a42cc287b6b1','zs36','张三36','123','M',1,'2018-08-11 15:21:05',NULL,'admin',NULL,NULL),('e731ec5a-823d-4b12-b392-b982235914e2','zs71','张三71','123','M',1,'2018-08-11 15:21:06',NULL,'admin',NULL,NULL),('e89e24e1-5180-455a-b78a-c5150e3304f9','zs54','张三54','123','M',1,'2018-06-30 09:05:42',NULL,'admin',NULL,NULL),('e8cbb543-078d-48c4-a9da-3c5188d07438','zs76','张三76','123','M',1,'2018-08-11 15:21:06',NULL,'admin',NULL,NULL),('e920c09e-e49b-4433-8cde-4593ef857843','zs14','张三14','123','M',1,'2018-08-11 15:21:05',NULL,'admin',NULL,NULL),('e9a9d9c5-953f-4f8f-8388-e54c9ef9041f','zs84','张三84','123','M',1,'2018-06-30 09:05:42',NULL,'admin',NULL,NULL),('e9f876e3-a7a9-44fe-817f-3e5d3f483614','zs39','张三39','123','M',1,'2018-06-30 09:05:42',NULL,'admin',NULL,NULL),('ea50e04c-ee29-4e20-a403-d1d1ed650c63','zs90','张三90','123','M',1,'2018-06-30 09:05:42',NULL,'admin',NULL,NULL),('eae69f7e-0b45-4165-928c-518afbd44d01','zs58','张三58','123','M',1,'2018-06-30 01:09:06',NULL,'admin',NULL,NULL),('ec38b2f0-b183-469d-a768-68a676ab3b3f','zs52','张三52','123','M',1,'2018-06-30 09:05:42',NULL,'admin',NULL,NULL),('ec451a65-cc7c-4b43-9734-6a793eb912ca','zs9','张三9','123','M',1,'2018-06-30 01:09:05',NULL,'admin',NULL,NULL),('ee16ac90-1457-451a-959f-41e77681bc3c','zs5','张三5','123','M',1,'2018-06-30 09:05:41',NULL,'admin',NULL,NULL),('ee5cc8ae-f960-44f7-bc14-c2d8b27135f8','zs68','张三68','123','M',1,'2018-06-30 01:09:06',NULL,'admin',NULL,NULL),('ef46cb9c-077c-4924-9c3d-0cfc1bf95b0d','zs78','张三78','123','M',1,'2018-08-11 15:21:06',NULL,'admin',NULL,NULL),('f2b06865-756d-4c94-bfd9-c2e7e6e91463','zs14','张三14','123','M',1,'2018-06-30 01:09:05',NULL,'admin',NULL,NULL),('f2c836eb-266c-460f-b9c3-2eec6ecc7718','zs73','张三73','123','M',1,'2018-06-30 09:05:42',NULL,'admin',NULL,NULL),('f3e2d4b6-b1f2-4b80-be9a-cd7b0b081e37','zs75','张三75','123','M',1,'2018-08-11 15:21:06',NULL,'admin',NULL,NULL),('f41256d2-d6d1-4860-9adc-e0e832371298','zs41','张三41','123','M',1,'2018-06-30 01:09:06',NULL,'admin',NULL,NULL),('f4de123b-4d56-412a-a5f2-d8f1d8bbfdb0','zs4','张三4','123','M',1,'2018-08-11 15:21:05',NULL,'admin',NULL,NULL),('f4effe05-49f2-45c4-a4ba-4b63a5664fa2','zs41','张三41','123','M',1,'2018-08-11 15:21:05',NULL,'admin',NULL,NULL),('f588a4a0-7a5c-4168-b067-6f77eda04260','zs15','张三15','123','M',1,'2018-06-30 09:05:41',NULL,'admin',NULL,NULL),('f637677c-090f-498f-89e8-5b4733b558d2','zs17','张三17','123','M',1,'2018-06-30 01:09:05',NULL,'admin',NULL,NULL),('f91f3473-de0f-4792-8a8c-5f6b0f88a9b5','zs82','张三82','123','M',1,'2018-06-30 09:05:42',NULL,'admin',NULL,NULL),('f99f0bd0-3c48-4195-973b-97c615ae9a01','zs60','张三60','123','M',1,'2018-06-30 01:09:06',NULL,'admin',NULL,NULL),('faeabf77-bc8e-4500-b7e8-5ea8edc4eeb3','zs67','张三67','123','M',1,'2018-08-11 15:21:06',NULL,'admin',NULL,NULL),('fb08bc42-d12e-4443-ac72-13e58fcee245','zs62','张三62','123','M',1,'2018-06-30 01:09:06',NULL,'admin',NULL,NULL),('fb1f360a-ff6f-4fbc-8fff-57085e287d31','zs30','张三30','123','M',1,'2018-06-30 01:09:05',NULL,'admin',NULL,NULL),('fc06bb9b-c95e-4837-981f-86127af22b4b','zs8','张三8','123','M',1,'2018-06-30 01:09:05',NULL,'admin',NULL,NULL),('fc682034-cd06-4571-acdb-16bb51cd1363','zs12','张三12','123','M',1,'2018-08-11 15:21:05',NULL,'admin',NULL,NULL),('fcdbb6b8-deed-4671-9ce9-f8cb7e53141e','zs56','张三56','123','M',1,'2018-06-30 01:09:06',NULL,'admin',NULL,NULL),('fcef69a3-9542-4fcd-98b3-4dd145d14f0c','zs62','张三62','123','M',1,'2018-06-30 09:05:42',NULL,'admin',NULL,NULL),('fe000f08-e812-4962-90c1-5bdf48ffa435','zs95','张三95','123','M',1,'2018-08-11 15:21:06',NULL,'admin',NULL,NULL),('ff492651-cb0d-46f2-9f92-766598e21ca7','zs20','张三20','123','M',1,'2018-08-11 15:21:05',NULL,'admin',NULL,NULL),('ffb1c0ab-d391-48bc-8caa-c1b6929239ed','zs19','张三19','123','M',1,'2018-08-11 15:21:05',NULL,'admin',NULL,NULL);
/*!40000 ALTER TABLE `tes_user` ENABLE KEYS */;
UNLOCK TABLES;
/*!40103 SET TIME_ZONE=@OLD_TIME_ZONE */;

/*!40101 SET SQL_MODE=@OLD_SQL_MODE */;
/*!40014 SET FOREIGN_KEY_CHECKS=@OLD_FOREIGN_KEY_CHECKS */;
/*!40014 SET UNIQUE_CHECKS=@OLD_UNIQUE_CHECKS */;
/*!40101 SET CHARACTER_SET_CLIENT=@OLD_CHARACTER_SET_CLIENT */;
/*!40101 SET CHARACTER_SET_RESULTS=@OLD_CHARACTER_SET_RESULTS */;
/*!40101 SET COLLATION_CONNECTION=@OLD_COLLATION_CONNECTION */;
/*!40111 SET SQL_NOTES=@OLD_SQL_NOTES */;

-- Dump completed on 2018-09-09  1:04:00
